Date,transaction_statement,Credit,Debit,Balance,user_id,table_id,sl_no,predicted_category,prediction_source,confidence,Credit_Amt,Debit_Amt,Amount,is_anomaly,anomaly_reason,anomaly_method
2025-12-28,Insurance Premium,0.0,11658.54,790152.04,2,50,1,Subscription,ML Model,0.46,0.0,11658.54,11658.54,False,,Machine Learning (Isolation Forest)
2025-03-15,Restaurant Bill,5193.96,0.0,183254.9,2,50,2,Other,ML (Low Confidence),0.21,5193.96,0.0,0.0,False,,Machine Learning (Isolation Forest)
2025-01-10,Insurance Premium,3948.55,0.0,767327.14,2,50,3,Subscription,ML Model,0.46,3948.55,0.0,0.0,False,,Machine Learning (Isolation Forest)
2025-06-05,Fuel Payment,0.0,7028.32,500208.75,2,50,4,Other,ML (Low Confidence),0.21,0.0,7028.32,7028.32,False,,Machine Learning (Isolation Forest)
2025-04-15,Restaurant Bill,16862.65,0.0,350809.92,2,50,5,Other,ML (Low Confidence),0.21,16862.65,0.0,0.0,False,,Machine Learning (Isolation Forest)
2025-01-30,Insurance Premium,0.0,6725.97,768122.73,2,50,6,Subscription,ML Model,0.46,0.0,6725.97,6725.97,False,,Machine Learning (Isolation Forest)
2025-01-13,IMPS Payment,6979.24,0.0,758348.55,2,50,7,Other,Payment Type Rule,0.95,6979.24,0.0,0.0,False,,Machine Learning (Isolation Forest)
2025-05-05,Insurance Premium,23181.21,0.0,436931.5,2,50,8,Subscription,ML Model,0.46,23181.21,0.0,0.0,False,,Machine Learning (Isolation Forest)
2025-03-10,IMPS Payment,0.0,2937.11,206454.96,2,50,9,Other,Payment Type Rule,0.95,0.0,2937.11,2937.11,False,,Machine Learning (Isolation Forest)
2025-03-27,Fuel Payment,9716.76,0.0,988379.85,2,50,10,Other,ML (Low Confidence),0.21,9716.76,0.0,0.0,False,,Machine Learning (Isolation Forest)
2025-01-10,Cash Deposit,0.0,2416.64,105816.36,2,50,11,Income,Payment Type Rule,0.95,0.0,2416.64,2416.64,False,,Machine Learning (Isolation Forest)
2025-07-14,Mobile Recharge,0.0,13801.17,566551.08,2,50,12,Other,Payment Type Rule,0.95,0.0,13801.17,13801.17,False,,Machine Learning (Isolation Forest)
2025-02-11,Cash Deposit,13735.28,0.0,853173.59,2,50,13,Income,Payment Type Rule,0.95,13735.28,0.0,0.0,False,,Machine Learning (Isolation Forest)
2025-03-26,Grocery Purchase,0.0,2406.47,206424.73,2,50,14,Shopping,Payment Type Rule,0.95,0.0,2406.47,2406.47,False,,Machine Learning (Isolation Forest)
2025-01-07,Grocery Purchase,0.0,12474.04,789975.67,2,50,15,Shopping,Payment Type Rule,0.95,0.0,12474.04,12474.04,False,,Machine Learning (Isolation Forest)
2025-01-24,Salary Credit,10021.82,0.0,737261.96,2,50,16,Income,Dictionary Rule,1.0,10021.82,0.0,0.0,False,,Machine Learning (Isolation Forest)
2025-07-08,Unexpected Large Credit,353711.7,0.0,2028843.14,2,50,17,Income,Payment Type Rule,0.95,353711.7,0.0,0.0,False,,Machine Learning (Isolation Forest)
2025-01-31,UPI Transfer,0.0,13281.78,128119.88,2,50,18,Other,Payment Type Rule,0.95,0.0,13281.78,13281.78,False,,Machine Learning (Isolation Forest)
2025-11-13,Grocery Purchase,0.0,12326.19,863618.73,2,50,19,Shopping,Payment Type Rule,0.95,0.0,12326.19,12326.19,False,,Machine Learning (Isolation Forest)
2025-02-13,Salary Credit,3729.18,0.0,860095.97,2,50,20,Income,Dictionary Rule,1.0,3729.18,0.0,0.0,False,,Machine Learning (Isolation Forest)
2025-11-18,Unexpected Large Credit,405670.18,0.0,82685.97,2,50,21,Income,Payment Type Rule,0.95,405670.18,0.0,0.0,False,,Machine Learning (Isolation Forest)
2025-02-04,Unexpected Large Credit,609545.64,0.0,692231.61,2,50,22,Income,Payment Type Rule,0.95,609545.64,0.0,0.0,False,,Machine Learning (Isolation Forest)
2025-10-08,Fuel Payment,0.0,6643.39,804694.37,2,50,23,Other,ML (Low Confidence),0.21,0.0,6643.39,6643.39,False,,Machine Learning (Isolation Forest)
2025-12-23,Loan EMI,0.0,8664.7,796126.42,2,50,24,Other,ML (Low Confidence),0.21,0.0,8664.7,8664.7,False,,Machine Learning (Isolation Forest)
2025-03-18,Travel Booking,11356.7,0.0,185429.72,2,50,25,Other,ML (Low Confidence),0.21,11356.7,0.0,0.0,False,,Machine Learning (Isolation Forest)
2025-04-07,Mobile Recharge,5902.7,0.0,1007747.79,2,50,26,Other,Payment Type Rule,0.95,5902.7,0.0,0.0,False,,Machine Learning (Isolation Forest)
2025-07-16,Unexpected Large Credit,706230.59,0.0,2625665.75,2,50,27,Income,Payment Type Rule,0.95,706230.59,0.0,0.0,False,,Machine Learning (Isolation Forest)
2025-07-31,Electricity Bill,19555.9,0.0,732147.19,2,50,28,Other,ML (Low Confidence),0.21,19555.9,0.0,0.0,False,,Machine Learning (Isolation Forest)
2025-04-12,Salary Credit,22042.12,0.0,345611.7,2,50,29,Income,Dictionary Rule,1.0,22042.12,0.0,0.0,False,,Machine Learning (Isolation Forest)
2025-12-01,Travel Booking,21368.25,0.0,851035.14,2,50,30,Other,ML (Low Confidence),0.21,21368.25,0.0,0.0,False,,Machine Learning (Isolation Forest)
2025-04-21,Travel Booking,0.0,1413.14,1081270.12,2,50,31,Other,ML (Low Confidence),0.21,0.0,1413.14,1413.14,False,,Machine Learning (Isolation Forest)
2025-12-03,ATM Withdrawal,0.0,13098.51,823619.95,2,50,32,Other,Payment Type Rule,0.95,0.0,13098.51,13098.51,False,,Machine Learning (Isolation Forest)
2025-03-17,Fuel Payment,4290.89,0.0,931325.98,2,50,33,Other,ML (Low Confidence),0.21,4290.89,0.0,0.0,False,,Machine Learning (Isolation Forest)
2025-06-23,Restaurant Bill,0.0,12475.48,624756.03,2,50,34,Other,ML (Low Confidence),0.21,0.0,12475.48,12475.48,False,,Machine Learning (Isolation Forest)
2025-01-03,Medical Expense,17079.14,0.0,74160.56,2,50,35,Other,ML (Low Confidence),0.21,17079.14,0.0,0.0,False,,Machine Learning (Isolation Forest)
2025-11-30,Online Shopping,0.0,9386.57,829666.89,2,50,36,Other,ML (Low Confidence),0.21,0.0,9386.57,9386.57,False,,Machine Learning (Isolation Forest)
2025-02-14,ATM Withdrawal,14926.9,0.0,875022.87,2,50,37,Other,Payment Type Rule,0.95,14926.9,0.0,0.0,False,,Machine Learning (Isolation Forest)
2025-03-12,ATM Withdrawal,0.0,12971.17,188104.76,2,50,38,Other,Payment Type Rule,0.95,0.0,12971.17,12971.17,False,,Machine Learning (Isolation Forest)
2025-07-29,Cash Deposit,0.0,10522.03,715191.35,2,50,39,Income,Payment Type Rule,0.95,0.0,10522.03,10522.03,False,,Machine Learning (Isolation Forest)
2025-03-05,ATM Withdrawal,2151.31,0.0,206114.13,2,50,40,Other,Payment Type Rule,0.95,2151.31,0.0,0.0,False,,Machine Learning (Isolation Forest)
2025-01-20,IMPS Payment,0.0,9773.67,734315.86,2,50,41,Other,Payment Type Rule,0.95,0.0,9773.67,9773.67,False,,Machine Learning (Isolation Forest)
2025-04-04,Mobile Recharge,10771.01,0.0,328158.23,2,50,42,Other,Payment Type Rule,0.95,10771.01,0.0,0.0,False,,Machine Learning (Isolation Forest)
2025-12-02,Unusual Midnight Transaction,0.0,306287.68,-846024.05,2,50,43,Other,ML (Low Confidence),0.21,0.0,306287.68,306287.68,True,"Suspicious transaction 306,287.68 (low-confidence categorization). ML flagged as irregular.",Machine Learning (Isolation Forest)
2025-07-05,Mobile Recharge,0.0,13582.09,601346.56,2,50,44,Other,Payment Type Rule,0.95,0.0,13582.09,13582.09,False,,Machine Learning (Isolation Forest)
2025-02-03,Online Shopping,0.0,11230.51,133412.81,2,50,45,Other,ML (Low Confidence),0.21,0.0,11230.51,11230.51,False,,Machine Learning (Isolation Forest)
2025-03-19,Restaurant Bill,1739.41,0.0,187169.13,2,50,46,Other,ML (Low Confidence),0.21,1739.41,0.0,0.0,False,,Machine Learning (Isolation Forest)
2025-01-01,Grocery Purchase,1112.76,0.0,51112.76,2,50,47,Shopping,Payment Type Rule,0.95,1112.76,0.0,0.0,False,,Machine Learning (Isolation Forest)
2025-01-12,Salary Credit,9294.99,0.0,113488.42,2,50,48,Income,Dictionary Rule,1.0,9294.99,0.0,0.0,False,,Machine Learning (Isolation Forest)
2025-02-20,Medical Expense,18317.45,0.0,889216.73,2,50,49,Other,ML (Low Confidence),0.21,18317.45,0.0,0.0,False,,Machine Learning (Isolation Forest)
2025-01-23,Electricity Bill,15423.71,0.0,114831.13,2,50,50,Other,ML (Low Confidence),0.21,15423.71,0.0,0.0,False,,Machine Learning (Isolation Forest)
2025-03-14,IMPS Payment,0.0,12028.83,178060.94,2,50,51,Other,Payment Type Rule,0.95,0.0,12028.83,12028.83,False,,Machine Learning (Isolation Forest)
2025-07-02,Online Shopping,2073.61,0.0,617546.12,2,50,52,Other,ML (Low Confidence),0.21,2073.61,0.0,0.0,False,,Machine Learning (Isolation Forest)
2025-05-12,Travel Booking,0.0,3414.26,503430.53,2,50,53,Other,ML (Low Confidence),0.21,0.0,3414.26,3414.26,False,,Machine Learning (Isolation Forest)
2025-02-15,Electricity Bill,7001.5,0.0,882024.37,2,50,54,Other,ML (Low Confidence),0.21,7001.5,0.0,0.0,False,,Machine Learning (Isolation Forest)
2025-07-13,Travel Booking,0.0,10890.3,580352.25,2,50,55,Other,ML (Low Confidence),0.21,0.0,10890.3,10890.3,False,,Machine Learning (Isolation Forest)
2025-02-25,Travel Booking,6993.89,0.0,167453.25,2,50,56,Other,ML (Low Confidence),0.21,6993.89,0.0,0.0,False,,Machine Learning (Isolation Forest)
2025-05-29,Salary Credit,0.0,10036.7,519776.59,2,50,57,Income,Dictionary Rule,1.0,0.0,10036.7,10036.7,False,,Machine Learning (Isolation Forest)
2025-01-19,Online Shopping,21728.85,0.0,91867.49,2,50,58,Other,ML (Low Confidence),0.21,21728.85,0.0,0.0,False,,Machine Learning (Isolation Forest)
2025-07-24,Cash Deposit,16428.53,0.0,665011.96,2,50,59,Income,Payment Type Rule,0.95,16428.53,0.0,0.0,False,,Machine Learning (Isolation Forest)
2025-03-20,Medical Expense,24240.41,0.0,211409.54,2,50,60,Other,ML (Low Confidence),0.21,24240.41,0.0,0.0,False,,Machine Learning (Isolation Forest)
2025-08-25,Unexpected Large Credit,326325.07,0.0,1675131.44,2,50,61,Income,Payment Type Rule,0.95,326325.07,0.0,0.0,False,,Machine Learning (Isolation Forest)
2025-09-20,Online Shopping,14172.79,0.0,749871.58,2,50,62,Other,ML (Low Confidence),0.21,14172.79,0.0,0.0,False,,Machine Learning (Isolation Forest)
2025-11-20,Loan EMI,0.0,750.34,846119.54,2,50,63,Other,ML (Low Confidence),0.21,0.0,750.34,750.34,False,,Machine Learning (Isolation Forest)
2025-11-27,High Value Crypto Purchase,0.0,341761.31,-235636.96,2,50,64,Shopping,Payment Type Rule,0.95,0.0,341761.31,341761.31,True,"ML flagged 341,761.31 as a highly irregular pattern for Shopping.",Machine Learning (Isolation Forest)
2025-03-21,Fuel Payment,4574.62,0.0,215984.16,2,50,65,Other,ML (Low Confidence),0.21,4574.62,0.0,0.0,False,,Machine Learning (Isolation Forest)
2025-02-09,Travel Booking,0.0,14569.07,98174.82,2,50,66,Other,ML (Low Confidence),0.21,0.0,14569.07,14569.07,False,,Machine Learning (Isolation Forest)
2025-03-28,Grocery Purchase,0.0,2445.4,985934.45,2,50,67,Shopping,Payment Type Rule,0.95,0.0,2445.4,2445.4,False,,Machine Learning (Isolation Forest)
2025-02-16,Restaurant Bill,0.0,12640.87,97048.23,2,50,68,Other,ML (Low Confidence),0.21,0.0,12640.87,12640.87,False,,Machine Learning (Isolation Forest)
2025-08-27,ATM Withdrawal,0.0,6777.8,711467.47,2,50,69,Other,Payment Type Rule,0.95,0.0,6777.8,6777.8,False,,Machine Learning (Isolation Forest)
2025-01-27,Mobile Recharge,20925.48,0.0,771528.71,2,50,70,Other,Payment Type Rule,0.95,20925.48,0.0,0.0,False,,Machine Learning (Isolation Forest)
2025-12-19,Online Shopping,0.0,9620.19,788402.45,2,50,71,Other,ML (Low Confidence),0.21,0.0,9620.19,9620.19,False,,Machine Learning (Isolation Forest)
2025-12-08,ATM Withdrawal,0.0,13561.02,823851.57,2,50,72,Other,Payment Type Rule,0.95,0.0,13561.02,13561.02,False,,Machine Learning (Isolation Forest)
2025-10-05,Medical Expense,16367.05,0.0,819189.45,2,50,73,Other,ML (Low Confidence),0.21,16367.05,0.0,0.0,False,,Machine Learning (Isolation Forest)
2025-10-18,Fuel Payment,0.0,9558.29,811872.85,2,50,74,Other,ML (Low Confidence),0.21,0.0,9558.29,9558.29,False,,Machine Learning (Isolation Forest)
2025-11-14,Mobile Recharge,0.0,12578.39,851040.34,2,50,75,Other,Payment Type Rule,0.95,0.0,12578.39,12578.39,False,,Machine Learning (Isolation Forest)
2025-11-01,UPI Transfer,0.0,1909.25,789662.99,2,50,76,Other,Payment Type Rule,0.95,0.0,1909.25,1909.25,False,,Machine Learning (Isolation Forest)
2025-09-26,IMPS Payment,6983.83,0.0,797224.93,2,50,77,Other,Payment Type Rule,0.95,6983.83,0.0,0.0,False,,Machine Learning (Isolation Forest)
2025-03-11,Online Shopping,0.0,5379.03,201075.93,2,50,78,Other,ML (Low Confidence),0.21,0.0,5379.03,5379.03,False,,Machine Learning (Isolation Forest)
2025-04-01,UPI Transfer,7166.52,0.0,1022551.68,2,50,79,Other,Payment Type Rule,0.95,7166.52,0.0,0.0,False,,Machine Learning (Isolation Forest)
2025-04-11,Online Shopping,12685.94,0.0,1036009.36,2,50,80,Other,ML (Low Confidence),0.21,12685.94,0.0,0.0,False,,Machine Learning (Isolation Forest)
2025-06-04,Online Shopping,0.0,4375.01,507237.07,2,50,81,Other,ML (Low Confidence),0.21,0.0,4375.01,4375.01,False,,Machine Learning (Isolation Forest)
2025-03-24,Cash Deposit,0.0,4051.53,213181.41,2,50,82,Income,Payment Type Rule,0.95,0.0,4051.53,4051.53,False,,Machine Learning (Isolation Forest)
2025-04-23,Online Shopping,0.0,7907.04,1079824.33,2,50,83,Other,ML (Low Confidence),0.21,0.0,7907.04,7907.04,False,,Machine Learning (Isolation Forest)
2025-06-22,Loan EMI,0.0,9228.52,637231.51,2,50,84,Other,ML (Low Confidence),0.21,0.0,9228.52,9228.52,False,,Machine Learning (Isolation Forest)
2025-11-18,Insurance Premium,24528.98,0.0,850449.96,2,50,85,Subscription,ML Model,0.46,24528.98,0.0,0.0,False,,Machine Learning (Isolation Forest)
2025-04-01,Insurance Premium,17042.71,0.0,304590.01,2,50,86,Subscription,ML Model,0.46,17042.71,0.0,0.0,False,,Machine Learning (Isolation Forest)
2025-06-30,Insurance Premium,3890.16,0.0,625912.36,2,50,87,Subscription,ML Model,0.46,3890.16,0.0,0.0,False,,Machine Learning (Isolation Forest)
2025-02-19,Mobile Recharge,0.0,7607.2,870899.28,2,50,88,Other,Payment Type Rule,0.95,0.0,7607.2,7607.2,False,,Machine Learning (Isolation Forest)
2025-11-09,Electricity Bill,11691.27,0.0,862380.49,2,50,89,Other,ML (Low Confidence),0.21,11691.27,0.0,0.0,False,,Machine Learning (Isolation Forest)
2025-10-06,IMPS Payment,0.0,12416.8,806772.65,2,50,90,Other,Payment Type Rule,0.95,0.0,12416.8,12416.8,False,,Machine Learning (Isolation Forest)
2025-01-17,Medical Expense,0.0,472.87,741759.44,2,50,91,Other,ML (Low Confidence),0.21,0.0,472.87,472.87,False,,Machine Learning (Isolation Forest)
2025-04-18,Online Shopping,0.0,4413.78,1071008.56,2,50,92,Other,ML (Low Confidence),0.21,0.0,4413.78,4413.78,False,,Machine Learning (Isolation Forest)
2025-12-29,Insurance Premium,0.0,3363.17,786788.87,2,50,93,Subscription,ML Model,0.46,0.0,3363.17,3363.17,False,,Machine Learning (Isolation Forest)
2025-11-21,Cash Deposit,0.0,10607.9,835511.64,2,50,94,Income,Payment Type Rule,0.95,0.0,10607.9,10607.9,False,,Machine Learning (Isolation Forest)
2025-03-08,Travel Booking,0.0,1100.29,938926.2,2,50,95,Other,ML (Low Confidence),0.21,0.0,1100.29,1100.29,False,,Machine Learning (Isolation Forest)
2025-12-14,Electricity Bill,0.0,13701.15,801347.24,2,50,96,Other,ML (Low Confidence),0.21,0.0,13701.15,13701.15,False,,Machine Learning (Isolation Forest)
2025-03-28,ATM Withdrawal,18825.4,0.0,249483.51,2,50,97,Other,Payment Type Rule,0.95,18825.4,0.0,0.0,False,,Machine Learning (Isolation Forest)
2025-03-17,Travel Booking,0.0,6993.16,174073.02,2,50,98,Other,ML (Low Confidence),0.21,0.0,6993.16,6993.16,False,,Machine Learning (Isolation Forest)
2025-03-15,Mobile Recharge,24225.77,0.0,932374.62,2,50,99,Other,Payment Type Rule,0.95,24225.77,0.0,0.0,False,,Machine Learning (Isolation Forest)
2025-01-16,Loan EMI,0.0,8702.55,83295.74,2,50,100,Other,ML (Low Confidence),0.21,0.0,8702.55,8702.55,False,,Machine Learning (Isolation Forest)
2025-09-07,Travel Booking,0.0,14709.61,726711.4,2,50,101,Other,ML (Low Confidence),0.21,0.0,14709.61,14709.61,False,,Machine Learning (Isolation Forest)
2025-03-10,Restaurant Bill,0.0,12195.36,929514.98,2,50,102,Other,ML (Low Confidence),0.21,0.0,12195.36,12195.36,False,,Machine Learning (Isolation Forest)
2025-01-20,Travel Booking,0.0,6855.81,85011.68,2,50,103,Other,ML (Low Confidence),0.21,0.0,6855.81,6855.81,False,,Machine Learning (Isolation Forest)
2025-11-19,Cash Deposit,0.0,3580.08,846869.88,2,50,104,Income,Payment Type Rule,0.95,0.0,3580.08,3580.08,False,,Machine Learning (Isolation Forest)
2025-11-29,Grocery Purchase,12002.52,0.0,839053.46,2,50,105,Shopping,Payment Type Rule,0.95,12002.52,0.0,0.0,False,,Machine Learning (Isolation Forest)
2025-02-26,Medical Expense,0.0,14469.01,152984.24,2,50,106,Other,ML (Low Confidence),0.21,0.0,14469.01,14469.01,False,,Machine Learning (Isolation Forest)
2025-10-29,Insurance Premium,0.0,11423.86,806483.54,2,50,107,Subscription,ML Model,0.46,0.0,11423.86,11423.86,False,,Machine Learning (Isolation Forest)
2025-08-18,Mobile Recharge,18886.67,0.0,747115.11,2,50,108,Other,Payment Type Rule,0.95,18886.67,0.0,0.0,False,,Machine Learning (Isolation Forest)
2025-11-28,Electricity Bill,0.0,13076.9,827050.94,2,50,109,Other,ML (Low Confidence),0.21,0.0,13076.9,13076.9,False,,Machine Learning (Isolation Forest)
2025-05-13,Travel Booking,0.0,5309.91,498120.62,2,50,110,Other,ML (Low Confidence),0.21,0.0,5309.91,5309.91,False,,Machine Learning (Isolation Forest)
2025-05-18,IMPS Payment,0.0,14094.63,514780.74,2,50,111,Other,Payment Type Rule,0.95,0.0,14094.63,14094.63,False,,Machine Learning (Isolation Forest)
2025-02-28,Mobile Recharge,0.0,6860.36,902096.43,2,50,112,Other,Payment Type Rule,0.95,0.0,6860.36,6860.36,False,,Machine Learning (Isolation Forest)
2025-12-02,UPI Transfer,0.0,14316.68,836718.46,2,50,113,Other,Payment Type Rule,0.95,0.0,14316.68,14316.68,False,,Machine Learning (Isolation Forest)
2025-01-26,Travel Booking,17273.05,0.0,121763.64,2,50,114,Other,ML (Low Confidence),0.21,17273.05,0.0,0.0,False,,Machine Learning (Isolation Forest)
2025-04-10,IMPS Payment,0.0,4412.76,1023323.42,2,50,115,Other,Payment Type Rule,0.95,0.0,4412.76,4412.76,False,,Machine Learning (Isolation Forest)
2025-10-09,Grocery Purchase,0.0,10526.03,794168.34,2,50,116,Shopping,Payment Type Rule,0.95,0.0,10526.03,10526.03,False,,Machine Learning (Isolation Forest)
2025-09-05,Loan EMI,5192.75,0.0,745640.85,2,50,117,Other,ML (Low Confidence),0.21,5192.75,0.0,0.0,False,,Machine Learning (Isolation Forest)
2025-08-26,UPI Transfer,17419.93,0.0,718245.27,2,50,118,Other,Payment Type Rule,0.95,17419.93,0.0,0.0,False,,Machine Learning (Isolation Forest)
2025-04-28,Travel Booking,13866.96,0.0,413270.09,2,50,119,Other,ML (Low Confidence),0.21,13866.96,0.0,0.0,False,,Machine Learning (Isolation Forest)
2025-02-12,Electricity Bill,7690.75,0.0,111480.39,2,50,120,Other,ML (Low Confidence),0.21,7690.75,0.0,0.0,False,,Machine Learning (Isolation Forest)
2025-08-09,UPI Transfer,0.0,1127.46,736222.72,2,50,121,Other,Payment Type Rule,0.95,0.0,1127.46,1127.46,False,,Machine Learning (Isolation Forest)
2025-06-26,Grocery Purchase,21076.64,0.0,625558.23,2,50,122,Shopping,Payment Type Rule,0.95,21076.64,0.0,0.0,False,,Machine Learning (Isolation Forest)
2025-11-17,Salary Credit,0.0,6884.63,825920.98,2,50,123,Income,Dictionary Rule,1.0,0.0,6884.63,6884.63,False,,Machine Learning (Isolation Forest)
2025-06-03,ATM Withdrawal,0.0,8264.26,511612.08,2,50,124,Other,Payment Type Rule,0.95,0.0,8264.26,8264.26,False,,Machine Learning (Isolation Forest)
2025-08-20,Insurance Premium,0.0,2809.41,739193.39,2,50,125,Subscription,ML Model,0.46,0.0,2809.41,2809.41,False,,Machine Learning (Isolation Forest)
2025-08-16,Insurance Premium,0.0,4902.34,720894.7,2,50,126,Subscription,ML Model,0.46,0.0,4902.34,4902.34,False,,Machine Learning (Isolation Forest)
2025-02-22,Travel Booking,24965.38,0.0,907257.28,2,50,127,Other,ML (Low Confidence),0.21,24965.38,0.0,0.0,False,,Machine Learning (Isolation Forest)
2025-07-23,Salary Credit,24997.74,0.0,648583.43,2,50,128,Income,Dictionary Rule,1.0,24997.74,0.0,0.0,False,,Machine Learning (Isolation Forest)
2025-05-07,ATM Withdrawal,22094.7,0.0,483443.25,2,50,129,Other,Payment Type Rule,0.95,22094.7,0.0,0.0,False,,Machine Learning (Isolation Forest)
2025-11-26,Medical Expense,0.0,1585.7,840456.52,2,50,130,Other,ML (Low Confidence),0.21,0.0,1585.7,1585.7,False,,Machine Learning (Isolation Forest)
2025-02-01,Electricity Bill,0.0,2228.79,125891.09,2,50,131,Other,ML (Low Confidence),0.21,0.0,2228.79,2228.79,False,,Machine Learning (Isolation Forest)
2025-04-24,Grocery Purchase,16109.28,0.0,365546.73,2,50,132,Shopping,Payment Type Rule,0.95,16109.28,0.0,0.0,False,,Machine Learning (Isolation Forest)
2025-04-16,Mobile Recharge,21621.7,0.0,1084066.0,2,50,133,Other,Payment Type Rule,0.95,21621.7,0.0,0.0,False,,Machine Learning (Isolation Forest)
2025-09-29,Fuel Payment,0.0,10371.63,797565.05,2,50,134,Other,ML (Low Confidence),0.21,0.0,10371.63,10371.63,False,,Machine Learning (Isolation Forest)
2025-05-21,Salary Credit,0.0,10955.32,504220.62,2,50,135,Income,Dictionary Rule,1.0,0.0,10955.32,10955.32,False,,Machine Learning (Isolation Forest)
2025-02-27,Online Shopping,17967.25,0.0,170951.49,2,50,136,Other,ML (Low Confidence),0.21,17967.25,0.0,0.0,False,,Machine Learning (Isolation Forest)
2025-07-12,Cash Deposit,0.0,10066.22,591242.55,2,50,137,Income,Payment Type Rule,0.95,0.0,10066.22,10066.22,False,,Machine Learning (Isolation Forest)
2025-01-25,UPI Transfer,0.0,14843.9,104490.59,2,50,138,Other,Payment Type Rule,0.95,0.0,14843.9,14843.9,False,,Machine Learning (Isolation Forest)
2025-01-18,Travel Booking,0.0,14779.8,70138.64,2,50,139,Other,ML (Low Confidence),0.21,0.0,14779.8,14779.8,False,,Machine Learning (Isolation Forest)
2025-09-23,Mobile Recharge,0.0,4650.17,751089.18,2,50,140,Other,Payment Type Rule,0.95,0.0,4650.17,4650.17,False,,Machine Learning (Isolation Forest)
2025-03-08,Medical Expense,18222.14,0.0,213112.73,2,50,141,Other,ML (Low Confidence),0.21,18222.14,0.0,0.0,False,,Machine Learning (Isolation Forest)
2025-07-28,Insurance Premium,14317.25,0.0,725713.38,2,50,142,Subscription,ML Model,0.46,14317.25,0.0,0.0,False,,Machine Learning (Isolation Forest)
2025-04-25,IMPS Payment,0.0,11708.86,1056902.98,2,50,143,Other,Payment Type Rule,0.95,0.0,11708.86,11708.86,False,,Machine Learning (Isolation Forest)
2025-04-05,Insurance Premium,0.0,14027.12,314131.11,2,50,144,Subscription,ML Model,0.46,0.0,14027.12,14027.12,True,"ML flagged 14,027.12 as a highly irregular pattern for Subscription.",Machine Learning (Isolation Forest)
2025-09-11,Electricity Bill,0.0,10491.52,739104.11,2,50,145,Other,ML (Low Confidence),0.21,0.0,10491.52,10491.52,False,,Machine Learning (Isolation Forest)
2025-09-24,Loan EMI,15435.96,0.0,766525.14,2,50,146,Other,ML (Low Confidence),0.21,15435.96,0.0,0.0,False,,Machine Learning (Isolation Forest)
2025-01-24,Online Shopping,4503.36,0.0,119334.49,2,50,147,Other,ML (Low Confidence),0.21,4503.36,0.0,0.0,False,,Machine Learning (Isolation Forest)
2025-08-11,Salary Credit,0.0,1672.53,734261.67,2,50,148,Income,Dictionary Rule,1.0,0.0,1672.53,1672.53,False,,Machine Learning (Isolation Forest)
2025-09-19,Insurance Premium,0.0,1369.2,735698.79,2,50,149,Subscription,ML Model,0.46,0.0,1369.2,1369.2,False,,Machine Learning (Isolation Forest)
2025-03-03,Medical Expense,11036.71,0.0,932948.8,2,50,150,Other,ML (Low Confidence),0.21,11036.71,0.0,0.0,False,,Machine Learning (Isolation Forest)
2025-01-06,Loan EMI,14250.5,0.0,106173.66,2,50,151,Other,ML (Low Confidence),0.21,14250.5,0.0,0.0,False,,Machine Learning (Isolation Forest)
2025-04-27,Loan EMI,23653.75,0.0,399403.13,2,50,152,Other,ML (Low Confidence),0.21,23653.75,0.0,0.0,False,,Machine Learning (Isolation Forest)
2025-02-15,IMPS Payment,12938.2,0.0,109689.1,2,50,153,Other,Payment Type Rule,0.95,12938.2,0.0,0.0,False,,Machine Learning (Isolation Forest)
2025-01-17,Insurance Premium,1622.7,0.0,84918.44,2,50,154,Subscription,ML Model,0.46,1622.7,0.0,0.0,False,,Machine Learning (Isolation Forest)
2025-04-08,Grocery Purchase,688.33,0.0,1008436.12,2,50,155,Shopping,Payment Type Rule,0.95,688.33,0.0,0.0,False,,Machine Learning (Isolation Forest)
2025-12-24,Travel Booking,0.0,426.9,795699.52,2,50,156,Other,ML (Low Confidence),0.21,0.0,426.9,426.9,False,,Machine Learning (Isolation Forest)
2025-01-04,ATM Withdrawal,14967.07,0.0,89127.63,2,50,157,Other,Payment Type Rule,0.95,14967.07,0.0,0.0,False,,Machine Learning (Isolation Forest)
2025-08-07,Mobile Recharge,20007.57,0.0,728343.69,2,50,158,Other,Payment Type Rule,0.95,20007.57,0.0,0.0,False,,Machine Learning (Isolation Forest)
2025-02-10,Electricity Bill,7293.23,0.0,839438.31,2,50,159,Other,ML (Low Confidence),0.21,7293.23,0.0,0.0,False,,Machine Learning (Isolation Forest)
2025-03-02,Mobile Recharge,8783.1,0.0,171203.94,2,50,160,Other,Payment Type Rule,0.95,8783.1,0.0,0.0,False,,Machine Learning (Isolation Forest)
2025-04-21,Grocery Purchase,0.0,7630.59,347433.03,2,50,161,Shopping,Payment Type Rule,0.95,0.0,7630.59,7630.59,False,,Machine Learning (Isolation Forest)
2025-11-15,Fuel Payment,0.0,12992.38,838047.96,2,50,162,Other,ML (Low Confidence),0.21,0.0,12992.38,12992.38,False,,Machine Learning (Isolation Forest)
2025-03-05,Loan EMI,0.0,6041.08,937546.15,2,50,163,Other,ML (Low Confidence),0.21,0.0,6041.08,6041.08,False,,Machine Learning (Isolation Forest)
2025-01-30,Fuel Payment,0.0,3268.14,141401.66,2,50,164,Other,ML (Low Confidence),0.21,0.0,3268.14,3268.14,False,,Machine Learning (Isolation Forest)
2025-03-14,Loan EMI,0.0,13034.57,908148.85,2,50,165,Other,ML (Low Confidence),0.21,0.0,13034.57,13034.57,False,,Machine Learning (Isolation Forest)
2025-04-17,Loan EMI,0.0,8643.66,1075422.34,2,50,166,Other,ML (Low Confidence),0.21,0.0,8643.66,8643.66,False,,Machine Learning (Isolation Forest)
2025-01-27,ATM Withdrawal,6111.68,0.0,127875.32,2,50,167,Other,Payment Type Rule,0.95,6111.68,0.0,0.0,False,,Machine Learning (Isolation Forest)
2025-01-08,ATM Withdrawal,0.0,12160.51,90628.58,2,50,168,Other,Payment Type Rule,0.95,0.0,12160.51,12160.51,False,,Machine Learning (Isolation Forest)
2025-03-30,Electricity Bill,22141.88,0.0,996401.48,2,50,169,Other,ML (Low Confidence),0.21,22141.88,0.0,0.0,False,,Machine Learning (Isolation Forest)
2025-04-19,Insurance Premium,0.0,4298.17,358197.22,2,50,170,Subscription,ML Model,0.46,0.0,4298.17,4298.17,False,,Machine Learning (Isolation Forest)
2025-02-07,Online Shopping,0.0,8986.49,121722.63,2,50,171,Other,ML (Low Confidence),0.21,0.0,8986.49,8986.49,False,,Machine Learning (Isolation Forest)
2025-06-07,Grocery Purchase,16641.84,0.0,529874.35,2,50,172,Shopping,Payment Type Rule,0.95,16641.84,0.0,0.0,False,,Machine Learning (Isolation Forest)
2025-11-16,Unexpected Large Credit,904972.81,0.0,-322984.21,2,50,173,Income,Payment Type Rule,0.95,904972.81,0.0,0.0,False,,Machine Learning (Isolation Forest)
2025-04-29,Electricity Bill,0.0,8779.39,404490.7,2,50,174,Other,ML (Low Confidence),0.21,0.0,8779.39,8779.39,False,,Machine Learning (Isolation Forest)
2025-04-25,Restaurant Bill,18660.16,0.0,384206.89,2,50,175,Other,ML (Low Confidence),0.21,18660.16,0.0,0.0,False,,Machine Learning (Isolation Forest)
2025-06-25,Cash Deposit,0.0,6806.04,604481.59,2,50,176,Income,Payment Type Rule,0.95,0.0,6806.04,6806.04,False,,Machine Learning (Isolation Forest)
2025-01-09,Fuel Payment,0.0,12083.06,763378.59,2,50,177,Other,ML (Low Confidence),0.21,0.0,12083.06,12083.06,False,,Machine Learning (Isolation Forest)
2025-07-01,Loan EMI,0.0,10439.85,615472.51,2,50,178,Other,ML (Low Confidence),0.21,0.0,10439.85,10439.85,False,,Machine Learning (Isolation Forest)
2025-05-25,Medical Expense,0.0,125.2,511640.9,2,50,179,Other,ML (Low Confidence),0.21,0.0,125.2,125.2,False,,Machine Learning (Isolation Forest)
2025-01-05,Restaurant Bill,3737.92,0.0,810459.41,2,50,180,Other,ML (Low Confidence),0.21,3737.92,0.0,0.0,False,,Machine Learning (Isolation Forest)
2025-01-26,UPI Transfer,22192.64,0.0,750603.23,2,50,181,Other,Payment Type Rule,0.95,22192.64,0.0,0.0,False,,Machine Learning (Isolation Forest)
2025-07-15,Mobile Recharge,22719.76,0.0,589270.84,2,50,182,Other,Payment Type Rule,0.95,22719.76,0.0,0.0,False,,Machine Learning (Isolation Forest)
2025-02-09,Electricity Bill,8549.71,0.0,832145.08,2,50,183,Other,ML (Low Confidence),0.21,8549.71,0.0,0.0,False,,Machine Learning (Isolation Forest)
2025-10-03,UPI Transfer,0.0,11838.64,791906.5,2,50,184,Other,Payment Type Rule,0.95,0.0,11838.64,11838.64,False,,Machine Learning (Isolation Forest)
2025-03-31,ATM Withdrawal,18983.68,0.0,1015385.16,2,50,185,Other,Payment Type Rule,0.95,18983.68,0.0,0.0,False,,Machine Learning (Isolation Forest)
2025-05-22,Restaurant Bill,0.0,9132.51,495088.11,2,50,186,Other,ML (Low Confidence),0.21,0.0,9132.51,9132.51,False,,Machine Learning (Isolation Forest)
2025-01-01,Fuel Payment,8068.86,0.0,800551.12,2,50,187,Other,ML (Low Confidence),0.21,8068.86,0.0,0.0,False,,Machine Learning (Isolation Forest)
2025-03-09,Fuel Payment,0.0,3720.66,209392.07,2,50,188,Other,ML (Low Confidence),0.21,0.0,3720.66,3720.66,False,,Machine Learning (Isolation Forest)
2025-07-30,Mobile Recharge,0.0,2600.06,712591.29,2,50,189,Other,Payment Type Rule,0.95,0.0,2600.06,2600.06,False,,Machine Learning (Isolation Forest)
2025-06-18,Insurance Premium,0.0,848.25,659079.22,2,50,190,Subscription,ML Model,0.46,0.0,848.25,848.25,False,,Machine Learning (Isolation Forest)
2025-06-30,Duplicate ATM Withdrawal,0.0,57419.07,1348806.37,2,50,191,Other,Payment Type Rule,0.95,0.0,57419.07,57419.07,False,,Machine Learning (Isolation Forest)
2025-01-11,Cash Deposit,0.0,14512.32,752814.82,2,50,192,Income,Payment Type Rule,0.95,0.0,14512.32,14512.32,False,,Machine Learning (Isolation Forest)
2025-02-05,Salary Credit,1739.17,0.0,781821.92,2,50,193,Income,Dictionary Rule,1.0,1739.17,0.0,0.0,False,,Machine Learning (Isolation Forest)
2025-09-30,Grocery Purchase,0.0,586.33,796978.72,2,50,194,Shopping,Payment Type Rule,0.95,0.0,586.33,586.33,False,,Machine Learning (Isolation Forest)
2025-04-20,UPI Transfer,0.0,3133.6,355063.62,2,50,195,Other,Payment Type Rule,0.95,0.0,3133.6,3133.6,False,,Machine Learning (Isolation Forest)
2025-09-06,Mobile Recharge,0.0,4219.84,741421.01,2,50,196,Other,Payment Type Rule,0.95,0.0,4219.84,4219.84,False,,Machine Learning (Isolation Forest)
2025-05-26,IMPS Payment,9423.43,0.0,521064.33,2,50,197,Other,Payment Type Rule,0.95,9423.43,0.0,0.0,False,,Machine Learning (Isolation Forest)
2025-04-03,ATM Withdrawal,14683.52,0.0,317387.22,2,50,198,Other,Payment Type Rule,0.95,14683.52,0.0,0.0,False,,Machine Learning (Isolation Forest)
2025-06-02,Grocery Purchase,15580.12,0.0,519876.34,2,50,199,Shopping,Payment Type Rule,0.95,15580.12,0.0,0.0,False,,Machine Learning (Isolation Forest)
2025-01-03,Grocery Purchase,2708.27,0.0,817958.95,2,50,200,Shopping,Payment Type Rule,0.95,2708.27,0.0,0.0,False,,Machine Learning (Isolation Forest)
2025-04-13,Travel Booking,12756.43,0.0,1052430.84,2,50,201,Other,ML (Low Confidence),0.21,12756.43,0.0,0.0,False,,Machine Learning (Isolation Forest)
2025-03-25,Loan EMI,0.0,4350.21,208831.2,2,50,202,Other,ML (Low Confidence),0.21,0.0,4350.21,4350.21,False,,Machine Learning (Isolation Forest)
2025-09-03,Salary Credit,18171.47,0.0,721747.51,2,50,203,Income,Dictionary Rule,1.0,18171.47,0.0,0.0,False,,Machine Learning (Isolation Forest)
2025-06-15,Travel Booking,22370.17,0.0,620155.48,2,50,204,Other,ML (Low Confidence),0.21,22370.17,0.0,0.0,False,,Machine Learning (Isolation Forest)
2025-06-13,Online Shopping,18099.47,0.0,603840.14,2,50,205,Other,ML (Low Confidence),0.21,18099.47,0.0,0.0,False,,Machine Learning (Isolation Forest)
2025-07-19,Salary Credit,11640.13,0.0,632079.37,2,50,206,Income,Dictionary Rule,1.0,11640.13,0.0,0.0,False,,Machine Learning (Isolation Forest)
2025-08-17,Fuel Payment,7333.74,0.0,728228.44,2,50,207,Other,ML (Low Confidence),0.21,7333.74,0.0,0.0,False,,Machine Learning (Isolation Forest)
2025-03-16,Electricity Bill,0.0,2188.72,181066.18,2,50,208,Other,ML (Low Confidence),0.21,0.0,2188.72,2188.72,False,,Machine Learning (Isolation Forest)
2025-04-24,Insurance Premium,0.0,11212.49,1068611.84,2,50,209,Subscription,ML Model,0.46,0.0,11212.49,11212.49,False,,Machine Learning (Isolation Forest)
2025-12-25,Mobile Recharge,0.0,4189.76,791509.76,2,50,210,Other,Payment Type Rule,0.95,0.0,4189.76,4189.76,False,,Machine Learning (Isolation Forest)
2025-09-08,Salary Credit,7758.04,0.0,734469.44,2,50,211,Income,Dictionary Rule,1.0,7758.04,0.0,0.0,False,,Machine Learning (Isolation Forest)
2025-04-30,Grocery Purchase,0.0,1998.94,402491.76,2,50,212,Shopping,Payment Type Rule,0.95,0.0,1998.94,1998.94,False,,Machine Learning (Isolation Forest)
2025-11-07,Grocery Purchase,0.0,7682.19,863226.61,2,50,213,Shopping,Payment Type Rule,0.95,0.0,7682.19,7682.19,False,,Machine Learning (Isolation Forest)
2025-10-27,Insurance Premium,0.0,6257.39,827284.64,2,50,214,Subscription,ML Model,0.46,0.0,6257.39,6257.39,False,,Machine Learning (Isolation Forest)
2025-09-13,Fuel Payment,0.0,7094.01,730381.54,2,50,215,Other,ML (Low Confidence),0.21,0.0,7094.01,7094.01,False,,Machine Learning (Isolation Forest)
2025-12-21,Travel Booking,24984.65,0.0,806480.25,2,50,216,Other,ML (Low Confidence),0.21,24984.65,0.0,0.0,False,,Machine Learning (Isolation Forest)
2025-02-04,Insurance Premium,0.0,1465.93,780082.75,2,50,217,Subscription,ML Model,0.46,0.0,1465.93,1465.93,False,,Machine Learning (Isolation Forest)
2025-08-14,Medical Expense,0.0,9277.09,732823.66,2,50,218,Other,ML (Low Confidence),0.21,0.0,9277.09,9277.09,False,,Machine Learning (Isolation Forest)
2025-12-20,Grocery Purchase,0.0,6906.85,781495.6,2,50,219,Shopping,Payment Type Rule,0.95,0.0,6906.85,6906.85,False,,Machine Learning (Isolation Forest)
2025-08-23,Restaurant Bill,0.0,8381.29,705607.63,2,50,220,Other,ML (Low Confidence),0.21,0.0,8381.29,8381.29,False,,Machine Learning (Isolation Forest)
2025-01-18,Insurance Premium,0.0,13737.31,728022.13,2,50,221,Subscription,ML Model,0.46,0.0,13737.31,13737.31,True,"ML flagged 13,737.31 as a highly irregular pattern for Subscription.",Machine Learning (Isolation Forest)
2025-10-02,Medical Expense,17340.93,0.0,803745.14,2,50,222,Other,ML (Low Confidence),0.21,17340.93,0.0,0.0,False,,Machine Learning (Isolation Forest)
2025-02-06,Electricity Bill,4244.61,0.0,130709.12,2,50,223,Other,ML (Low Confidence),0.21,4244.61,0.0,0.0,False,,Machine Learning (Isolation Forest)
2025-07-16,Online Shopping,2556.71,0.0,591827.55,2,50,224,Other,ML (Low Confidence),0.21,2556.71,0.0,0.0,False,,Machine Learning (Isolation Forest)
2025-05-20,Online Shopping,3155.86,0.0,515175.94,2,50,225,Other,ML (Low Confidence),0.21,3155.86,0.0,0.0,False,,Machine Learning (Isolation Forest)
2025-12-31,Medical Expense,15892.08,0.0,792482.26,2,50,226,Other,ML (Low Confidence),0.21,15892.08,0.0,0.0,False,,Machine Learning (Isolation Forest)
2025-09-02,Insurance Premium,0.0,4668.68,703576.04,2,50,227,Subscription,ML Model,0.46,0.0,4668.68,4668.68,False,,Machine Learning (Isolation Forest)
2025-03-16,Mobile Recharge,0.0,5339.53,927035.09,2,50,228,Other,Payment Type Rule,0.95,0.0,5339.53,5339.53,False,,Machine Learning (Isolation Forest)
2025-10-14,UPI Transfer,24989.52,0.0,831839.43,2,50,229,Other,Payment Type Rule,0.95,24989.52,0.0,0.0,False,,Machine Learning (Isolation Forest)
2025-03-01,Insurance Premium,0.0,1902.96,162420.84,2,50,230,Subscription,ML Model,0.46,0.0,1902.96,1902.96,False,,Machine Learning (Isolation Forest)
2025-04-22,Online Shopping,2761.31,0.0,350194.34,2,50,231,Other,ML (Low Confidence),0.21,2761.31,0.0,0.0,False,,Machine Learning (Isolation Forest)
2025-03-31,IMPS Payment,21357.89,0.0,287547.3,2,50,232,Other,Payment Type Rule,0.95,21357.89,0.0,0.0,False,,Machine Learning (Isolation Forest)
2025-03-13,Cash Deposit,0.0,13116.75,921183.42,2,50,233,Income,Payment Type Rule,0.95,0.0,13116.75,13116.75,False,,Machine Learning (Isolation Forest)
2025-01-07,Mobile Recharge,0.0,3384.57,102789.09,2,50,234,Other,Payment Type Rule,0.95,0.0,3384.57,3384.57,False,,Machine Learning (Isolation Forest)
2025-12-27,Medical Expense,0.0,12509.3,801810.58,2,50,235,Other,ML (Low Confidence),0.21,0.0,12509.3,12509.3,False,,Machine Learning (Isolation Forest)
2025-12-13,Insurance Premium,0.0,9333.68,815048.39,2,50,236,Subscription,ML Model,0.46,0.0,9333.68,9333.68,False,,Machine Learning (Isolation Forest)
2025-12-05,Loan EMI,0.0,14961.65,814910.17,2,50,237,Other,ML (Low Confidence),0.21,0.0,14961.65,14961.65,False,,Machine Learning (Isolation Forest)
2025-06-08,Cash Deposit,0.0,1491.47,528382.88,2,50,238,Income,Payment Type Rule,0.95,0.0,1491.47,1491.47,False,,Machine Learning (Isolation Forest)
2025-05-31,UPI Transfer,5200.08,0.0,514488.26,2,50,239,Other,Payment Type Rule,0.95,5200.08,0.0,0.0,False,,Machine Learning (Isolation Forest)
2025-06-27,Grocery Purchase,0.0,9438.55,616119.68,2,50,240,Shopping,Payment Type Rule,0.95,0.0,9438.55,9438.55,False,,Machine Learning (Isolation Forest)
2025-01-29,Insurance Premium,17411.88,0.0,774848.7,2,50,241,Subscription,ML Model,0.46,17411.88,0.0,0.0,False,,Machine Learning (Isolation Forest)
2025-07-04,Online Shopping,5567.44,0.0,614928.65,2,50,242,Other,ML (Low Confidence),0.21,5567.44,0.0,0.0,False,,Machine Learning (Isolation Forest)
2025-03-26,Restaurant Bill,2748.06,0.0,978663.09,2,50,243,Other,ML (Low Confidence),0.21,2748.06,0.0,0.0,False,,Machine Learning (Isolation Forest)
2025-01-11,Online Shopping,0.0,1622.93,104193.43,2,50,244,Other,ML (Low Confidence),0.21,0.0,1622.93,1622.93,False,,Machine Learning (Isolation Forest)
2025-01-16,Insurance Premium,0.0,1714.36,742232.31,2,50,245,Subscription,ML Model,0.46,0.0,1714.36,1714.36,False,,Machine Learning (Isolation Forest)
2025-04-14,Cash Deposit,0.0,9214.0,333947.27,2,50,246,Income,Payment Type Rule,0.95,0.0,9214.0,9214.0,False,,Machine Learning (Isolation Forest)
2025-03-23,ATM Withdrawal,4533.61,0.0,217232.94,2,50,247,Other,Payment Type Rule,0.95,4533.61,0.0,0.0,False,,Machine Learning (Isolation Forest)
2025-02-08,Fuel Payment,0.0,8978.74,112743.89,2,50,248,Other,ML (Low Confidence),0.21,0.0,8978.74,8978.74,False,,Machine Learning (Isolation Forest)
2025-11-11,Grocery Purchase,21668.66,0.0,881109.06,2,50,249,Shopping,Payment Type Rule,0.95,21668.66,0.0,0.0,False,,Machine Learning (Isolation Forest)
2025-06-17,Loan EMI,20200.69,0.0,659927.47,2,50,250,Other,ML (Low Confidence),0.21,20200.69,0.0,0.0,False,,Machine Learning (Isolation Forest)
2025-04-15,Fuel Payment,11187.38,0.0,1062444.3,2,50,251,Other,ML (Low Confidence),0.21,11187.38,0.0,0.0,False,,Machine Learning (Isolation Forest)
2025-10-24,Cash Deposit,0.0,4916.78,829916.52,2,50,252,Income,Payment Type Rule,0.95,0.0,4916.78,4916.78,False,,Machine Learning (Isolation Forest)
2025-04-20,Medical Expense,0.0,12497.19,1082683.26,2,50,253,Other,ML (Low Confidence),0.21,0.0,12497.19,12497.19,False,,Machine Learning (Isolation Forest)
2025-07-18,Salary Credit,6873.83,0.0,620439.24,2,50,254,Income,Dictionary Rule,1.0,6873.83,0.0,0.0,False,,Machine Learning (Isolation Forest)
2025-10-25,Travel Booking,0.0,12987.17,816929.35,2,50,255,Other,ML (Low Confidence),0.21,0.0,12987.17,12987.17,False,,Machine Learning (Isolation Forest)
2025-02-21,ATM Withdrawal,0.0,6924.83,882291.9,2,50,256,Other,Payment Type Rule,0.95,0.0,6924.83,6924.83,False,,Machine Learning (Isolation Forest)
2025-05-27,UPI Transfer,0.0,9385.02,511679.31,2,50,257,Other,Payment Type Rule,0.95,0.0,9385.02,9385.02,False,,Machine Learning (Isolation Forest)
2025-01-28,Grocery Purchase,0.0,14091.89,757436.82,2,50,258,Shopping,Payment Type Rule,0.95,0.0,14091.89,14091.89,False,,Machine Learning (Isolation Forest)
2025-05-28,Grocery Purchase,18133.98,0.0,529813.29,2,50,259,Shopping,Payment Type Rule,0.95,18133.98,0.0,0.0,False,,Machine Learning (Isolation Forest)
2025-03-24,Electricity Bill,4944.44,0.0,977051.85,2,50,260,Other,ML (Low Confidence),0.21,4944.44,0.0,0.0,False,,Machine Learning (Isolation Forest)
2025-10-15,Cash Deposit,0.0,8686.08,823153.35,2,50,261,Income,Payment Type Rule,0.95,0.0,8686.08,8686.08,False,,Machine Learning (Isolation Forest)
2025-05-04,Loan EMI,0.0,14610.17,413750.29,2,50,262,Other,ML (Low Confidence),0.21,0.0,14610.17,14610.17,False,,Machine Learning (Isolation Forest)
2025-01-04,Electricity Bill,0.0,11237.46,806721.49,2,50,263,Other,ML (Low Confidence),0.21,0.0,11237.46,11237.46,False,,Machine Learning (Isolation Forest)
2025-04-07,Grocery Purchase,16956.41,0.0,327431.1,2,50,264,Shopping,Payment Type Rule,0.95,16956.41,0.0,0.0,False,,Machine Learning (Isolation Forest)
2025-05-24,Loan EMI,6740.7,0.0,511766.1,2,50,265,Other,ML (Low Confidence),0.21,6740.7,0.0,0.0,False,,Machine Learning (Isolation Forest)
2025-08-28,Online Shopping,7708.77,0.0,719176.24,2,50,266,Other,ML (Low Confidence),0.21,7708.77,0.0,0.0,False,,Machine Learning (Isolation Forest)
2025-03-19,Grocery Purchase,0.0,1811.79,950772.42,2,50,267,Shopping,Payment Type Rule,0.95,0.0,1811.79,1811.79,False,,Machine Learning (Isolation Forest)
2025-04-08,Cash Deposit,0.0,4811.04,322620.06,2,50,268,Income,Payment Type Rule,0.95,0.0,4811.04,4811.04,False,,Machine Learning (Isolation Forest)
2025-02-12,Travel Booking,3193.2,0.0,856366.79,2,50,269,Other,ML (Low Confidence),0.21,3193.2,0.0,0.0,False,,Machine Learning (Isolation Forest)
2025-05-03,Salary Credit,16839.87,0.0,428360.46,2,50,270,Income,Dictionary Rule,1.0,16839.87,0.0,0.0,False,,Machine Learning (Isolation Forest)
2025-07-03,Online Shopping,0.0,8184.91,609361.21,2,50,271,Other,ML (Low Confidence),0.21,0.0,8184.91,8184.91,False,,Machine Learning (Isolation Forest)
2025-07-22,Restaurant Bill,0.0,388.81,623585.69,2,50,272,Other,ML (Low Confidence),0.21,0.0,388.81,388.81,False,,Machine Learning (Isolation Forest)
2025-09-04,Cash Deposit,18700.59,0.0,740448.1,2,50,273,Income,Payment Type Rule,0.95,18700.59,0.0,0.0,False,,Machine Learning (Isolation Forest)
2025-11-02,Grocery Purchase,17889.68,0.0,807552.67,2,50,274,Shopping,Payment Type Rule,0.95,17889.68,0.0,0.0,False,,Machine Learning (Isolation Forest)
2025-10-26,Restaurant Bill,16612.68,0.0,833542.03,2,50,275,Other,ML (Low Confidence),0.21,16612.68,0.0,0.0,False,,Machine Learning (Isolation Forest)
2025-12-18,Salary Credit,2309.62,0.0,798022.64,2,50,276,Income,Dictionary Rule,1.0,2309.62,0.0,0.0,False,,Machine Learning (Isolation Forest)
2025-01-22,IMPS Payment,0.0,14939.32,720987.54,2,50,277,Other,Payment Type Rule,0.95,0.0,14939.32,14939.32,False,,Machine Learning (Isolation Forest)
2025-01-31,UPI Transfer,0.0,1580.38,766542.35,2,50,278,Other,Payment Type Rule,0.95,0.0,1580.38,1580.38,False,,Machine Learning (Isolation Forest)
2025-10-12,ATM Withdrawal,0.0,9095.33,800741.26,2,50,279,Other,Payment Type Rule,0.95,0.0,9095.33,9095.33,False,,Machine Learning (Isolation Forest)
2025-05-06,Cash Deposit,24417.05,0.0,461348.55,2,50,280,Income,Payment Type Rule,0.95,24417.05,0.0,0.0,False,,Machine Learning (Isolation Forest)
2025-10-30,Medical Expense,0.0,8283.37,798200.17,2,50,281,Other,ML (Low Confidence),0.21,0.0,8283.37,8283.37,False,,Machine Learning (Isolation Forest)
2025-08-12,Online Shopping,0.0,10638.9,723622.77,2,50,282,Other,ML (Low Confidence),0.21,0.0,10638.9,10638.9,False,,Machine Learning (Isolation Forest)
2025-02-23,IMPS Payment,0.0,6451.48,900805.8,2,50,283,Other,Payment Type Rule,0.95,0.0,6451.48,6451.48,False,,Machine Learning (Isolation Forest)
2025-08-08,Online Shopping,9006.49,0.0,737350.18,2,50,284,Other,ML (Low Confidence),0.21,9006.49,0.0,0.0,False,,Machine Learning (Isolation Forest)
2025-05-10,Cash Deposit,7036.74,0.0,496972.52,2,50,285,Income,Payment Type Rule,0.95,7036.74,0.0,0.0,False,,Machine Learning (Isolation Forest)
2025-02-25,Salary Credit,22532.04,0.0,912623.06,2,50,286,Income,Dictionary Rule,1.0,22532.04,0.0,0.0,False,,Machine Learning (Isolation Forest)
2025-10-17,Electricity Bill,0.0,13749.48,821431.14,2,50,287,Other,ML (Low Confidence),0.21,0.0,13749.48,13749.48,False,,Machine Learning (Isolation Forest)
2025-03-21,UPI Transfer,15420.38,0.0,986469.72,2,50,288,Other,Payment Type Rule,0.95,15420.38,0.0,0.0,False,,Machine Learning (Isolation Forest)
2025-01-12,Online Shopping,0.0,1445.51,751369.31,2,50,289,Other,ML (Low Confidence),0.21,0.0,1445.51,1445.51,False,,Machine Learning (Isolation Forest)
2025-10-19,Online Shopping,12015.25,0.0,823888.1,2,50,290,Other,ML (Low Confidence),0.21,12015.25,0.0,0.0,False,,Machine Learning (Isolation Forest)
2025-12-22,Online Shopping,0.0,1689.13,804791.12,2,50,291,Other,ML (Low Confidence),0.21,0.0,1689.13,1689.13,False,,Machine Learning (Isolation Forest)
2025-10-22,Online Shopping,0.0,4394.45,823190.07,2,50,292,Other,ML (Low Confidence),0.21,0.0,4394.45,4394.45,False,,Machine Learning (Isolation Forest)
2025-02-01,UPI Transfer,0.0,8212.54,758329.81,2,50,293,Other,Payment Type Rule,0.95,0.0,8212.54,8212.54,False,,Machine Learning (Isolation Forest)
2025-12-07,Loan EMI,11370.12,0.0,837412.59,2,50,294,Other,ML (Low Confidence),0.21,11370.12,0.0,0.0,False,,Machine Learning (Isolation Forest)
2025-04-23,Salary Credit,0.0,756.89,349437.45,2,50,295,Income,Dictionary Rule,1.0,0.0,756.89,756.89,False,,Machine Learning (Isolation Forest)
2025-06-29,Salary Credit,7157.02,0.0,622022.2,2,50,296,Income,Dictionary Rule,1.0,7157.02,0.0,0.0,False,,Machine Learning (Isolation Forest)
2025-11-04,Medical Expense,24810.3,0.0,846393.13,2,50,297,Other,ML (Low Confidence),0.21,24810.3,0.0,0.0,False,,Machine Learning (Isolation Forest)
2025-03-09,IMPS Payment,2784.14,0.0,941710.34,2,50,298,Other,Payment Type Rule,0.95,2784.14,0.0,0.0,False,,Machine Learning (Isolation Forest)
2025-08-18,Duplicate ATM Withdrawal,0.0,142415.43,-1114427.19,2,50,299,Other,Payment Type Rule,0.95,0.0,142415.43,142415.43,False,,Machine Learning (Isolation Forest)
2025-09-19,Duplicate Withdrawal,0.0,743553.64,251946.68,2,50,300,Other,Payment Type Rule,0.95,0.0,743553.64,743553.64,True,"Suspicious transaction 743,553.64 (low-confidence categorization). ML flagged as irregular.",Machine Learning (Isolation Forest)
2025-02-27,Mobile Recharge,0.0,5775.48,908956.79,2,50,301,Other,Payment Type Rule,0.95,0.0,5775.48,5775.48,False,,Machine Learning (Isolation Forest)
2025-08-22,Loan EMI,0.0,13216.77,713988.92,2,50,302,Other,ML (Low Confidence),0.21,0.0,13216.77,13216.77,False,,Machine Learning (Isolation Forest)
2025-11-08,Fuel Payment,0.0,12537.39,850689.22,2,50,303,Other,ML (Low Confidence),0.21,0.0,12537.39,12537.39,False,,Machine Learning (Isolation Forest)
2025-06-14,Electricity Bill,0.0,6054.83,597785.31,2,50,304,Other,ML (Low Confidence),0.21,0.0,6054.83,6054.83,False,,Machine Learning (Isolation Forest)
2025-05-17,Online Shopping,0.0,9658.08,528875.37,2,50,305,Other,ML (Low Confidence),0.21,0.0,9658.08,9658.08,False,,Machine Learning (Isolation Forest)
2025-07-17,Electricity Bill,21737.86,0.0,613565.41,2,50,306,Other,ML (Low Confidence),0.21,21737.86,0.0,0.0,False,,Machine Learning (Isolation Forest)
2025-09-16,Online Shopping,20641.83,0.0,734054.5,2,50,307,Other,ML (Low Confidence),0.21,20641.83,0.0,0.0,False,,Machine Learning (Isolation Forest)
2025-08-21,Salary Credit,0.0,11987.7,727205.69,2,50,308,Income,Dictionary Rule,1.0,0.0,11987.7,11987.7,False,,Machine Learning (Isolation Forest)
2025-04-26,IMPS Payment,0.0,8457.51,375749.38,2,50,309,Other,Payment Type Rule,0.95,0.0,8457.51,8457.51,False,,Machine Learning (Isolation Forest)
2025-05-01,Cash Deposit,0.0,13494.82,388996.94,2,50,310,Income,Payment Type Rule,0.95,0.0,13494.82,13494.82,False,,Machine Learning (Isolation Forest)
2025-12-16,ATM Withdrawal,0.0,3904.37,809241.04,2,50,311,Other,Payment Type Rule,0.95,0.0,3904.37,3904.37,False,,Machine Learning (Isolation Forest)
2025-08-13,UPI Transfer,18477.98,0.0,742100.75,2,50,312,Other,Payment Type Rule,0.95,18477.98,0.0,0.0,False,,Machine Learning (Isolation Forest)
2025-02-07,Cash Deposit,2180.95,0.0,808728.98,2,50,313,Income,Payment Type Rule,0.95,2180.95,0.0,0.0,False,,Machine Learning (Isolation Forest)
2025-02-02,Grocery Purchase,0.0,1002.2,757327.61,2,50,314,Shopping,Payment Type Rule,0.95,0.0,1002.2,1002.2,False,,Machine Learning (Isolation Forest)
2025-05-08,Salary Credit,18545.83,0.0,501989.08,2,50,315,Income,Dictionary Rule,1.0,18545.83,0.0,0.0,False,,Machine Learning (Isolation Forest)
2025-10-13,UPI Transfer,6108.65,0.0,806849.91,2,50,316,Other,Payment Type Rule,0.95,6108.65,0.0,0.0,False,,Machine Learning (Isolation Forest)
2025-02-16,Loan EMI,0.0,7938.67,874085.7,2,50,317,Other,ML (Low Confidence),0.21,0.0,7938.67,7938.67,False,,Machine Learning (Isolation Forest)
2025-04-18,Electricity Bill,18689.21,0.0,362495.39,2,50,318,Other,ML (Low Confidence),0.21,18689.21,0.0,0.0,False,,Machine Learning (Isolation Forest)
2025-01-06,Medical Expense,0.0,8009.7,802449.71,2,50,319,Other,ML (Low Confidence),0.21,0.0,8009.7,8009.7,False,,Machine Learning (Isolation Forest)
2025-11-22,UPI Transfer,0.0,5852.57,829659.07,2,50,320,Other,Payment Type Rule,0.95,0.0,5852.57,5852.57,False,,Machine Learning (Isolation Forest)
2025-05-14,UPI Transfer,5961.63,0.0,504082.25,2,50,321,Other,Payment Type Rule,0.95,5961.63,0.0,0.0,False,,Machine Learning (Isolation Forest)
2025-03-29,Mobile Recharge,0.0,11674.85,974259.6,2,50,322,Other,Payment Type Rule,0.95,0.0,11674.85,11674.85,False,,Machine Learning (Isolation Forest)
2025-02-14,Cash Deposit,0.0,14581.13,96750.9,2,50,323,Income,Payment Type Rule,0.95,0.0,14581.13,14581.13,False,,Machine Learning (Isolation Forest)
2025-04-06,Grocery Purchase,0.0,7951.32,1001845.09,2,50,324,Shopping,Payment Type Rule,0.95,0.0,7951.32,7951.32,False,,Machine Learning (Isolation Forest)
2025-03-07,Insurance Premium,0.0,10067.77,194890.59,2,50,325,Subscription,ML Model,0.46,0.0,10067.77,10067.77,False,,Machine Learning (Isolation Forest)
2025-10-11,Loan EMI,22290.86,0.0,809836.59,2,50,326,Other,ML (Low Confidence),0.21,22290.86,0.0,0.0,False,,Machine Learning (Isolation Forest)
2025-03-27,Mobile Recharge,24233.38,0.0,230658.11,2,50,327,Other,Payment Type Rule,0.95,24233.38,0.0,0.0,False,,Machine Learning (Isolation Forest)
2025-08-31,Loan EMI,0.0,6440.01,713586.7,2,50,328,Other,ML (Low Confidence),0.21,0.0,6440.01,6440.01,False,,Machine Learning (Isolation Forest)
2025-07-06,Cash Deposit,21489.93,0.0,622836.49,2,50,329,Income,Payment Type Rule,0.95,21489.93,0.0,0.0,False,,Machine Learning (Isolation Forest)
2025-01-19,Fuel Payment,16067.4,0.0,744089.53,2,50,330,Other,ML (Low Confidence),0.21,16067.4,0.0,0.0,False,,Machine Learning (Isolation Forest)
2025-06-09,Insurance Premium,16983.49,0.0,545366.37,2,50,331,Subscription,ML Model,0.46,16983.49,0.0,0.0,False,,Machine Learning (Isolation Forest)
2025-01-13,Loan EMI,0.0,12126.21,101362.21,2,50,332,Other,ML (Low Confidence),0.21,0.0,12126.21,12126.21,False,,Machine Learning (Isolation Forest)
2025-02-05,ATM Withdrawal,0.0,1454.55,126464.51,2,50,333,Other,Payment Type Rule,0.95,0.0,1454.55,1454.55,False,,Machine Learning (Isolation Forest)
2025-01-29,Mobile Recharge,22871.84,0.0,144669.8,2,50,334,Other,Payment Type Rule,0.95,22871.84,0.0,0.0,False,,Machine Learning (Isolation Forest)
2025-06-20,Restaurant Bill,0.0,10046.91,660715.62,2,50,335,Other,ML (Low Confidence),0.21,0.0,10046.91,10046.91,False,,Machine Learning (Isolation Forest)
2025-05-23,Mobile Recharge,9937.29,0.0,505025.4,2,50,336,Other,Payment Type Rule,0.95,9937.29,0.0,0.0,False,,Machine Learning (Isolation Forest)
2025-02-03,Travel Booking,24221.07,0.0,781548.68,2,50,337,Other,ML (Low Confidence),0.21,24221.07,0.0,0.0,False,,Machine Learning (Isolation Forest)
2025-12-09,Grocery Purchase,0.0,11962.54,811889.03,2,50,338,Shopping,Payment Type Rule,0.95,0.0,11962.54,11962.54,False,,Machine Learning (Isolation Forest)
2025-08-10,Online Shopping,0.0,288.52,735934.2,2,50,339,Other,ML (Low Confidence),0.21,0.0,288.52,288.52,False,,Machine Learning (Isolation Forest)
2025-04-06,Online Shopping,0.0,3656.42,310474.69,2,50,340,Other,ML (Low Confidence),0.21,0.0,3656.42,3656.42,False,,Machine Learning (Isolation Forest)
2025-02-21,Insurance Premium,0.0,3667.84,129754.64,2,50,341,Subscription,ML Model,0.46,0.0,3667.84,3667.84,False,,Machine Learning (Isolation Forest)
2025-08-29,Mobile Recharge,8002.05,0.0,727178.29,2,50,342,Other,Payment Type Rule,0.95,8002.05,0.0,0.0,False,,Machine Learning (Isolation Forest)
2025-05-12,High Value Crypto Purchase,0.0,304099.41,-539736.37,2,50,343,Shopping,Payment Type Rule,0.95,0.0,304099.41,304099.41,True,"ML flagged 304,099.41 as a highly irregular pattern for Shopping.",Machine Learning (Isolation Forest)
2025-01-14,Loan EMI,0.0,5591.93,752756.62,2,50,344,Other,ML (Low Confidence),0.21,0.0,5591.93,5591.93,False,,Machine Learning (Isolation Forest)
2025-06-28,Grocery Purchase,0.0,1254.5,614865.18,2,50,345,Shopping,Payment Type Rule,0.95,0.0,1254.5,1254.5,False,,Machine Learning (Isolation Forest)
2025-02-11,Salary Credit,0.0,11552.12,103789.64,2,50,346,Income,Dictionary Rule,1.0,0.0,11552.12,11552.12,False,,Machine Learning (Isolation Forest)
2025-01-22,Unexpected Large Credit,936334.97,0.0,3562000.72,2,50,347,Income,Payment Type Rule,0.95,936334.97,0.0,0.0,False,,Machine Learning (Isolation Forest)
2025-02-26,Grocery Purchase,2109.21,0.0,914732.27,2,50,348,Shopping,Payment Type Rule,0.95,2109.21,0.0,0.0,False,,Machine Learning (Isolation Forest)
2025-07-26,Mobile Recharge,21061.11,0.0,705051.78,2,50,349,Other,Payment Type Rule,0.95,21061.11,0.0,0.0,False,,Machine Learning (Isolation Forest)
2025-10-10,Mobile Recharge,0.0,6622.61,787545.73,2,50,350,Other,Payment Type Rule,0.95,0.0,6622.61,6622.61,False,,Machine Learning (Isolation Forest)
2025-09-12,ATM Withdrawal,0.0,1628.56,737475.55,2,50,351,Other,Payment Type Rule,0.95,0.0,1628.56,1628.56,False,,Machine Learning (Isolation Forest)
2025-02-17,Cash Deposit,12168.03,0.0,886253.73,2,50,352,Income,Payment Type Rule,0.95,12168.03,0.0,0.0,False,,Machine Learning (Isolation Forest)
2025-01-05,Insurance Premium,2795.53,0.0,91923.16,2,50,353,Subscription,ML Model,0.46,2795.53,0.0,0.0,False,,Machine Learning (Isolation Forest)
2025-09-14,ATM Withdrawal,0.0,2847.02,727534.52,2,50,354,Other,Payment Type Rule,0.95,0.0,2847.02,2847.02,False,,Machine Learning (Isolation Forest)
2025-03-25,Loan EMI,0.0,1136.82,975915.03,2,50,355,Other,ML (Low Confidence),0.21,0.0,1136.82,1136.82,False,,Machine Learning (Isolation Forest)
2025-04-11,Salary Credit,0.0,2073.6,323569.58,2,50,356,Income,Dictionary Rule,1.0,0.0,2073.6,2073.6,False,,Machine Learning (Isolation Forest)
2025-08-15,Travel Booking,0.0,7026.62,725797.04,2,50,357,Other,ML (Low Confidence),0.21,0.0,7026.62,7026.62,False,,Machine Learning (Isolation Forest)
2025-03-06,Salary Credit,8157.43,0.0,945703.58,2,50,358,Income,Dictionary Rule,1.0,8157.43,0.0,0.0,False,,Machine Learning (Isolation Forest)
2025-08-02,Medical Expense,0.0,8679.37,721757.15,2,50,359,Other,ML (Low Confidence),0.21,0.0,8679.37,8679.37,False,,Machine Learning (Isolation Forest)
2025-06-21,Medical Expense,0.0,14255.59,646460.03,2,50,360,Other,ML (Low Confidence),0.21,0.0,14255.59,14255.59,False,,Machine Learning (Isolation Forest)
2025-04-09,Mobile Recharge,728.23,0.0,323348.29,2,50,361,Other,Payment Type Rule,0.95,728.23,0.0,0.0,False,,Machine Learning (Isolation Forest)
2025-10-20,IMPS Payment,0.0,4883.77,819004.33,2,50,362,Other,Payment Type Rule,0.95,0.0,4883.77,4883.77,False,,Machine Learning (Isolation Forest)
2025-08-04,Loan EMI,2361.91,0.0,718108.91,2,50,363,Other,ML (Low Confidence),0.21,2361.91,0.0,0.0,False,,Machine Learning (Isolation Forest)
2025-03-03,ATM Withdrawal,14916.78,0.0,186120.72,2,50,364,Other,Payment Type Rule,0.95,14916.78,0.0,0.0,False,,Machine Learning (Isolation Forest)
2025-02-17,Cash Deposit,4244.56,0.0,101292.79,2,50,365,Income,Payment Type Rule,0.95,4244.56,0.0,0.0,False,,Machine Learning (Isolation Forest)
2025-02-02,Restaurant Bill,18752.23,0.0,144643.32,2,50,366,Other,ML (Low Confidence),0.21,18752.23,0.0,0.0,False,,Machine Learning (Isolation Forest)
2025-09-25,Insurance Premium,23715.96,0.0,790241.1,2,50,367,Subscription,ML Model,0.46,23715.96,0.0,0.0,False,,Machine Learning (Isolation Forest)
2025-11-24,Mobile Recharge,12806.13,0.0,855100.75,2,50,368,Other,Payment Type Rule,0.95,12806.13,0.0,0.0,False,,Machine Learning (Isolation Forest)
2025-07-20,Travel Booking,0.0,4246.02,627833.35,2,50,369,Other,ML (Low Confidence),0.21,0.0,4246.02,4246.02,False,,Machine Learning (Isolation Forest)
2025-03-23,Salary Credit,0.0,13830.91,972107.41,2,50,370,Income,Dictionary Rule,1.0,0.0,13830.91,13830.91,False,,Machine Learning (Isolation Forest)
2025-01-28,IMPS Payment,0.0,6077.36,121797.96,2,50,371,Other,Payment Type Rule,0.95,0.0,6077.36,6077.36,False,,Machine Learning (Isolation Forest)
2025-03-01,Loan EMI,0.0,1577.76,900518.67,2,50,372,Other,ML (Low Confidence),0.21,0.0,1577.76,1577.76,False,,Machine Learning (Isolation Forest)
2025-08-19,Fuel Payment,0.0,5112.31,742002.8,2,50,373,Other,ML (Low Confidence),0.21,0.0,5112.31,5112.31,False,,Machine Learning (Isolation Forest)
2025-09-18,Cash Deposit,4217.31,0.0,737067.99,2,50,374,Income,Payment Type Rule,0.95,4217.31,0.0,0.0,False,,Machine Learning (Isolation Forest)
2025-10-16,UPI Transfer,12027.27,0.0,835180.62,2,50,375,Other,Payment Type Rule,0.95,12027.27,0.0,0.0,False,,Machine Learning (Isolation Forest)
2025-06-12,Medical Expense,11657.7,0.0,585740.67,2,50,376,Other,ML (Low Confidence),0.21,11657.7,0.0,0.0,False,,Machine Learning (Isolation Forest)
2025-03-02,UPI Transfer,21393.42,0.0,921912.09,2,50,377,Other,Payment Type Rule,0.95,21393.42,0.0,0.0,False,,Machine Learning (Isolation Forest)
2025-05-19,Grocery Purchase,0.0,2760.66,512020.08,2,50,378,Shopping,Payment Type Rule,0.95,0.0,2760.66,2760.66,False,,Machine Learning (Isolation Forest)
2025-03-04,ATM Withdrawal,17842.1,0.0,203962.82,2,50,379,Other,Payment Type Rule,0.95,17842.1,0.0,0.0,False,,Machine Learning (Isolation Forest)
2025-05-16,Grocery Purchase,24188.78,0.0,538533.45,2,50,380,Shopping,Payment Type Rule,0.95,24188.78,0.0,0.0,False,,Machine Learning (Isolation Forest)
2025-05-09,Travel Booking,0.0,12053.3,489935.78,2,50,381,Other,ML (Low Confidence),0.21,0.0,12053.3,12053.3,False,,Machine Learning (Isolation Forest)
2025-04-22,Mobile Recharge,6461.25,0.0,1087731.37,2,50,382,Other,Payment Type Rule,0.95,6461.25,0.0,0.0,False,,Machine Learning (Isolation Forest)
2025-01-09,Salary Credit,17604.42,0.0,108233.0,2,50,383,Income,Dictionary Rule,1.0,17604.42,0.0,0.0,False,,Machine Learning (Isolation Forest)
2025-11-23,ATM Withdrawal,12635.55,0.0,842294.62,2,50,384,Other,Payment Type Rule,0.95,12635.55,0.0,0.0,False,,Machine Learning (Isolation Forest)
2025-04-09,Cash Deposit,19300.06,0.0,1027736.18,2,50,385,Income,Payment Type Rule,0.95,19300.06,0.0,0.0,False,,Machine Learning (Isolation Forest)
2025-03-06,Insurance Premium,0.0,1155.77,204958.36,2,50,386,Subscription,ML Model,0.46,0.0,1155.77,1155.77,False,,Machine Learning (Isolation Forest)
2025-10-28,Fuel Payment,0.0,9377.24,817907.4,2,50,387,Other,ML (Low Confidence),0.21,0.0,9377.24,9377.24,False,,Machine Learning (Isolation Forest)
2025-01-15,Grocery Purchase,0.0,1274.12,91998.29,2,50,388,Shopping,Payment Type Rule,0.95,0.0,1274.12,1274.12,False,,Machine Learning (Isolation Forest)
2025-06-06,Cash Deposit,13023.76,0.0,513232.51,2,50,389,Income,Payment Type Rule,0.95,13023.76,0.0,0.0,False,,Machine Learning (Isolation Forest)
2025-02-10,IMPS Payment,17166.94,0.0,115341.76,2,50,390,Other,Payment Type Rule,0.95,17166.94,0.0,0.0,False,,Machine Learning (Isolation Forest)
2025-01-15,Travel Booking,0.0,8809.95,743946.67,2,50,391,Other,ML (Low Confidence),0.21,0.0,8809.95,8809.95,False,,Machine Learning (Isolation Forest)
2025-04-14,Travel Booking,0.0,1173.92,1051256.92,2,50,392,Other,ML (Low Confidence),0.21,0.0,1173.92,1173.92,False,,Machine Learning (Isolation Forest)
2025-02-08,Travel Booking,14866.39,0.0,823595.37,2,50,393,Other,ML (Low Confidence),0.21,14866.39,0.0,0.0,False,,Machine Learning (Isolation Forest)
2025-08-05,Cash Deposit,2996.58,0.0,721105.49,2,50,394,Income,Payment Type Rule,0.95,2996.58,0.0,0.0,False,,Machine Learning (Isolation Forest)
2025-10-07,Grocery Purchase,4565.11,0.0,811337.76,2,50,395,Shopping,Payment Type Rule,0.95,4565.11,0.0,0.0,False,,Machine Learning (Isolation Forest)
2025-03-11,Restaurant Bill,14868.39,0.0,944383.37,2,50,396,Other,ML (Low Confidence),0.21,14868.39,0.0,0.0,False,,Machine Learning (Isolation Forest)
2025-03-07,Electricity Bill,0.0,5677.09,940026.49,2,50,397,Other,ML (Low Confidence),0.21,0.0,5677.09,5677.09,False,,Machine Learning (Isolation Forest)
2025-12-04,UPI Transfer,6251.87,0.0,829871.82,2,50,398,Other,Payment Type Rule,0.95,6251.87,0.0,0.0,False,,Machine Learning (Isolation Forest)
2025-08-25,Cash Deposit,0.0,7379.81,700825.34,2,50,399,Income,Payment Type Rule,0.95,0.0,7379.81,7379.81,False,,Machine Learning (Isolation Forest)
2025-07-27,Fuel Payment,6344.35,0.0,711396.13,2,50,400,Other,ML (Low Confidence),0.21,6344.35,0.0,0.0,False,,Machine Learning (Isolation Forest)
2025-08-01,ATM Withdrawal,0.0,1710.67,730436.52,2,50,401,Other,Payment Type Rule,0.95,0.0,1710.67,1710.67,False,,Machine Learning (Isolation Forest)
2025-10-23,Salary Credit,11643.23,0.0,834833.3,2,50,402,Income,Dictionary Rule,1.0,11643.23,0.0,0.0,False,,Machine Learning (Isolation Forest)
2025-04-03,Cash Deposit,0.0,4170.19,1011045.13,2,50,403,Income,Payment Type Rule,0.95,0.0,4170.19,4170.19,False,,Machine Learning (Isolation Forest)
2025-09-09,Loan EMI,7905.56,0.0,742375.0,2,50,404,Other,ML (Low Confidence),0.21,7905.56,0.0,0.0,False,,Machine Learning (Isolation Forest)
2025-10-17,Duplicate ATM Withdrawal,0.0,113529.83,-1227957.02,2,50,405,Other,Payment Type Rule,0.95,0.0,113529.83,113529.83,False,,Machine Learning (Isolation Forest)
2025-08-26,Duplicate ATM Withdrawal,0.0,125987.71,-972011.76,2,50,406,Other,Payment Type Rule,0.95,0.0,125987.71,125987.71,False,,Machine Learning (Isolation Forest)
2025-10-31,Loan EMI,0.0,6627.93,791572.24,2,50,407,Other,ML (Low Confidence),0.21,0.0,6627.93,6627.93,False,,Machine Learning (Isolation Forest)
2025-12-17,UPI Transfer,0.0,13528.02,795713.02,2,50,408,Other,Payment Type Rule,0.95,0.0,13528.02,13528.02,False,,Machine Learning (Isolation Forest)
2025-09-27,Restaurant Bill,6376.7,0.0,803601.63,2,50,409,Other,ML (Low Confidence),0.21,6376.7,0.0,0.0,False,,Machine Learning (Isolation Forest)
2025-07-21,IMPS Payment,0.0,3858.85,623974.5,2,50,410,Other,Payment Type Rule,0.95,0.0,3858.85,3858.85,False,,Machine Learning (Isolation Forest)
2025-06-11,Mobile Recharge,24606.43,0.0,574082.97,2,50,411,Other,Payment Type Rule,0.95,24606.43,0.0,0.0,False,,Machine Learning (Isolation Forest)
2025-02-13,Loan EMI,0.0,148.36,111332.03,2,50,412,Other,ML (Low Confidence),0.21,0.0,148.36,148.36,False,,Machine Learning (Isolation Forest)
2025-08-06,Mobile Recharge,0.0,12769.37,708336.12,2,50,413,Other,Payment Type Rule,0.95,0.0,12769.37,12769.37,False,,Machine Learning (Isolation Forest)
2025-02-06,Cash Deposit,24726.11,0.0,806548.03,2,50,414,Income,Payment Type Rule,0.95,24726.11,0.0,0.0,False,,Machine Learning (Isolation Forest)
2025-07-10,Grocery Purchase,12461.62,0.0,608644.84,2,50,415,Shopping,Payment Type Rule,0.95,12461.62,0.0,0.0,False,,Machine Learning (Isolation Forest)
2025-11-06,Loan EMI,12710.2,0.0,870908.8,2,50,416,Other,ML (Low Confidence),0.21,12710.2,0.0,0.0,False,,Machine Learning (Isolation Forest)
2025-09-17,UPI Transfer,0.0,1203.82,732850.68,2,50,417,Other,Payment Type Rule,0.95,0.0,1203.82,1203.82,False,,Machine Learning (Isolation Forest)
2025-04-16,IMPS Payment,0.0,13983.16,336826.76,2,50,418,Other,Payment Type Rule,0.95,0.0,13983.16,13983.16,False,,Machine Learning (Isolation Forest)
2025-02-23,Restaurant Bill,24460.62,0.0,156813.77,2,50,419,Other,ML (Low Confidence),0.21,24460.62,0.0,0.0,False,,Machine Learning (Isolation Forest)
2025-01-25,Loan EMI,0.0,8851.37,728410.59,2,50,420,Other,ML (Low Confidence),0.21,0.0,8851.37,8851.37,False,,Machine Learning (Isolation Forest)
2025-01-02,Loan EMI,5968.66,0.0,57081.42,2,50,421,Other,ML (Low Confidence),0.21,5968.66,0.0,0.0,False,,Machine Learning (Isolation Forest)
2025-03-18,Salary Credit,21258.23,0.0,952584.21,2,50,422,Income,Dictionary Rule,1.0,21258.23,0.0,0.0,False,,Machine Learning (Isolation Forest)
2025-06-29,Duplicate ATM Withdrawal,0.0,145822.33,106124.35,2,50,423,Other,Payment Type Rule,0.95,0.0,145822.33,145822.33,False,,Machine Learning (Isolation Forest)
2025-02-19,Fuel Payment,15174.14,0.0,130181.72,2,50,424,Other,ML (Low Confidence),0.21,15174.14,0.0,0.0,False,,Machine Learning (Isolation Forest)
2025-02-24,Fuel Payment,0.0,10714.78,890091.02,2,50,425,Other,ML (Low Confidence),0.21,0.0,10714.78,10714.78,False,,Machine Learning (Isolation Forest)
2025-03-22,Online Shopping,0.0,3284.83,212699.33,2,50,426,Other,ML (Low Confidence),0.21,0.0,3284.83,3284.83,False,,Machine Learning (Isolation Forest)
2025-07-25,Insurance Premium,18978.71,0.0,683990.67,2,50,427,Subscription,ML Model,0.46,18978.71,0.0,0.0,False,,Machine Learning (Isolation Forest)
2025-02-04,Electricity Bill,0.0,5493.75,127919.06,2,50,428,Other,ML (Low Confidence),0.21,0.0,5493.75,5493.75,False,,Machine Learning (Isolation Forest)
2025-09-21,Online Shopping,19504.49,0.0,769376.07,2,50,429,Other,ML (Low Confidence),0.21,19504.49,0.0,0.0,False,,Machine Learning (Isolation Forest)
2025-03-04,Travel Booking,10638.43,0.0,943587.23,2,50,430,Other,ML (Low Confidence),0.21,10638.43,0.0,0.0,False,,Machine Learning (Isolation Forest)
2025-01-02,Loan EMI,14699.56,0.0,815250.68,2,50,431,Other,ML (Low Confidence),0.21,14699.56,0.0,0.0,False,,Machine Learning (Isolation Forest)
2025-04-02,Medical Expense,0.0,1886.31,302703.7,2,50,432,Other,ML (Low Confidence),0.21,0.0,1886.31,1886.31,False,,Machine Learning (Isolation Forest)
2025-12-06,IMPS Payment,11132.3,0.0,826042.47,2,50,433,Other,Payment Type Rule,0.95,11132.3,0.0,0.0,False,,Machine Learning (Isolation Forest)
2025-04-19,Electricity Bill,24171.89,0.0,1095180.45,2,50,434,Other,ML (Low Confidence),0.21,24171.89,0.0,0.0,False,,Machine Learning (Isolation Forest)
2025-02-22,Fuel Payment,2598.51,0.0,132353.15,2,50,435,Other,ML (Low Confidence),0.21,2598.51,0.0,0.0,False,,Machine Learning (Isolation Forest)
2025-12-12,IMPS Payment,4664.6,0.0,824382.07,2,50,436,Other,Payment Type Rule,0.95,4664.6,0.0,0.0,False,,Machine Learning (Isolation Forest)
2025-09-22,Grocery Purchase,0.0,13636.72,755739.35,2,50,437,Shopping,Payment Type Rule,0.95,0.0,13636.72,13636.72,False,,Machine Learning (Isolation Forest)
2025-08-30,Restaurant Bill,0.0,7151.58,720026.71,2,50,438,Other,ML (Low Confidence),0.21,0.0,7151.58,7151.58,False,,Machine Learning (Isolation Forest)
2025-01-14,Medical Expense,0.0,8089.8,93272.41,2,50,439,Other,ML (Low Confidence),0.21,0.0,8089.8,8089.8,False,,Machine Learning (Isolation Forest)
2025-11-12,Cash Deposit,0.0,5164.14,875944.92,2,50,440,Income,Payment Type Rule,0.95,0.0,5164.14,5164.14,False,,Machine Learning (Isolation Forest)
2025-03-30,Restaurant Bill,1893.55,0.0,266189.41,2,50,441,Other,ML (Low Confidence),0.21,1893.55,0.0,0.0,False,,Machine Learning (Isolation Forest)
2025-01-23,Restaurant Bill,6252.6,0.0,727240.14,2,50,442,Other,ML (Low Confidence),0.21,6252.6,0.0,0.0,False,,Machine Learning (Isolation Forest)
2025-10-01,Fuel Payment,0.0,10574.51,786404.21,2,50,443,Other,ML (Low Confidence),0.21,0.0,10574.51,10574.51,False,,Machine Learning (Isolation Forest)
2025-06-16,Insurance Premium,19571.3,0.0,639726.78,2,50,444,Subscription,ML Model,0.46,19571.3,0.0,0.0,False,,Machine Learning (Isolation Forest)
2025-11-25,Travel Booking,0.0,13058.53,842042.22,2,50,445,Other,ML (Low Confidence),0.21,0.0,13058.53,13058.53,False,,Machine Learning (Isolation Forest)
2025-06-05,Unexpected Large Credit,713993.83,0.0,1406225.44,2,50,446,Income,Payment Type Rule,0.95,713993.83,0.0,0.0,False,,Machine Learning (Isolation Forest)
2025-05-15,Grocery Purchase,10262.42,0.0,514344.67,2,50,447,Shopping,Payment Type Rule,0.95,10262.42,0.0,0.0,False,,Machine Learning (Isolation Forest)
2025-11-03,IMPS Payment,14030.16,0.0,821582.83,2,50,448,Other,Payment Type Rule,0.95,14030.16,0.0,0.0,False,,Machine Learning (Isolation Forest)
2025-09-19,Duplicate ATM Withdrawal,0.0,61402.66,995500.32,2,50,449,Other,Payment Type Rule,0.95,0.0,61402.66,61402.66,False,,Machine Learning (Isolation Forest)
2025-11-16,Restaurant Bill,0.0,5242.35,832805.61,2,50,450,Other,ML (Low Confidence),0.21,0.0,5242.35,5242.35,False,,Machine Learning (Isolation Forest)
2025-09-01,Fuel Payment,0.0,5341.98,708244.72,2,50,451,Other,ML (Low Confidence),0.21,0.0,5341.98,5341.98,False,,Machine Learning (Isolation Forest)
2025-02-24,Fuel Payment,3645.59,0.0,160459.36,2,50,452,Other,ML (Low Confidence),0.21,3645.59,0.0,0.0,False,,Machine Learning (Isolation Forest)
2025-12-30,Loan EMI,0.0,10198.69,776590.18,2,50,453,Other,ML (Low Confidence),0.21,0.0,10198.69,10198.69,False,,Machine Learning (Isolation Forest)
2025-02-20,Salary Credit,3240.76,0.0,133422.48,2,50,454,Income,Dictionary Rule,1.0,3240.76,0.0,0.0,False,,Machine Learning (Isolation Forest)
2025-04-02,Fuel Payment,0.0,7336.36,1015215.32,2,50,455,Other,ML (Low Confidence),0.21,0.0,7336.36,7336.36,False,,Machine Learning (Isolation Forest)
2025-06-24,Loan EMI,0.0,13468.4,611287.63,2,50,456,Other,ML (Low Confidence),0.21,0.0,13468.4,13468.4,False,,Machine Learning (Isolation Forest)
2025-03-22,Grocery Purchase,0.0,531.4,985938.32,2,50,457,Shopping,Payment Type Rule,0.95,0.0,531.4,531.4,False,,Machine Learning (Isolation Forest)
2025-07-09,Loan EMI,0.0,8119.49,596183.22,2,50,458,Other,ML (Low Confidence),0.21,0.0,8119.49,8119.49,False,,Machine Learning (Isolation Forest)
2025-02-16,Duplicate ATM Withdrawal,0.0,109407.98,1919435.16,2,50,459,Other,Payment Type Rule,0.95,0.0,109407.98,109407.98,False,,Machine Learning (Isolation Forest)
2025-07-07,Salary Credit,0.0,7207.0,615629.49,2,50,460,Income,Dictionary Rule,1.0,0.0,7207.0,7207.0,False,,Machine Learning (Isolation Forest)
2025-06-19,Cash Deposit,11683.31,0.0,670762.53,2,50,461,Income,Payment Type Rule,0.95,11683.31,0.0,0.0,False,,Machine Learning (Isolation Forest)
2025-02-28,Restaurant Bill,0.0,6627.69,164323.8,2,50,462,Other,ML (Low Confidence),0.21,0.0,6627.69,6627.69,False,,Machine Learning (Isolation Forest)
2025-02-18,Cash Deposit,13714.79,0.0,115007.58,2,50,463,Income,Payment Type Rule,0.95,13714.79,0.0,0.0,False,,Machine Learning (Isolation Forest)
2025-12-11,Mobile Recharge,13513.57,0.0,819717.47,2,50,464,Other,Payment Type Rule,0.95,13513.57,0.0,0.0,False,,Machine Learning (Isolation Forest)
2025-08-24,Loan EMI,2597.52,0.0,708205.15,2,50,465,Other,ML (Low Confidence),0.21,2597.52,0.0,0.0,False,,Machine Learning (Isolation Forest)
2025-09-10,ATM Withdrawal,7220.63,0.0,749595.63,2,50,466,Other,Payment Type Rule,0.95,7220.63,0.0,0.0,False,,Machine Learning (Isolation Forest)
2025-01-22,Loan EMI,16919.29,0.0,99407.42,2,50,467,Other,ML (Low Confidence),0.21,16919.29,0.0,0.0,False,,Machine Learning (Isolation Forest)
2025-11-10,Mobile Recharge,0.0,2940.09,859440.4,2,50,468,Other,Payment Type Rule,0.95,0.0,2940.09,2940.09,False,,Machine Learning (Isolation Forest)
2025-04-05,Mobile Recharge,0.0,10205.45,1009796.41,2,50,469,Other,Payment Type Rule,0.95,0.0,10205.45,10205.45,False,,Machine Learning (Isolation Forest)
2025-06-10,ATM Withdrawal,4110.17,0.0,549476.54,2,50,470,Other,Payment Type Rule,0.95,4110.17,0.0,0.0,False,,Machine Learning (Isolation Forest)
2025-10-04,Restaurant Bill,10915.9,0.0,802822.4,2,50,471,Other,ML (Low Confidence),0.21,10915.9,0.0,0.0,False,,Machine Learning (Isolation Forest)
2025-03-20,Travel Booking,20276.92,0.0,971049.34,2,50,472,Other,ML (Low Confidence),0.21,20276.92,0.0,0.0,False,,Machine Learning (Isolation Forest)
2025-07-11,Online Shopping,0.0,7336.07,601308.77,2,50,473,Other,ML (Low Confidence),0.21,0.0,7336.07,7336.07,False,,Machine Learning (Isolation Forest)
2025-01-21,ATM Withdrawal,1611.0,0.0,735926.86,2,50,474,Other,Payment Type Rule,0.95,1611.0,0.0,0.0,False,,Machine Learning (Isolation Forest)
2025-10-21,Loan EMI,8580.19,0.0,827584.52,2,50,475,Other,ML (Low Confidence),0.21,8580.19,0.0,0.0,False,,Machine Learning (Isolation Forest)
2025-02-18,IMPS Payment,0.0,7747.25,878506.48,2,50,476,Other,Payment Type Rule,0.95,0.0,7747.25,7747.25,False,,Machine Learning (Isolation Forest)
2025-12-10,Electricity Bill,0.0,5685.13,806203.9,2,50,477,Other,ML (Low Confidence),0.21,0.0,5685.13,5685.13,False,,Machine Learning (Isolation Forest)
2025-09-15,Fuel Payment,0.0,14121.85,713412.67,2,50,478,Other,ML (Low Confidence),0.21,0.0,14121.85,14121.85,False,,Machine Learning (Isolation Forest)
2025-11-05,IMPS Payment,11805.47,0.0,858198.6,2,50,479,Other,Payment Type Rule,0.95,11805.47,0.0,0.0,False,,Machine Learning (Isolation Forest)
2025-05-30,Restaurant Bill,0.0,10488.41,509288.18,2,50,480,Other,ML (Low Confidence),0.21,0.0,10488.41,10488.41,False,,Machine Learning (Isolation Forest)
2025-05-11,ATM Withdrawal,9872.27,0.0,506844.79,2,50,481,Other,Payment Type Rule,0.95,9872.27,0.0,0.0,False,,Machine Learning (Isolation Forest)
2025-06-01,Medical Expense,0.0,10192.04,504296.22,2,50,482,Other,ML (Low Confidence),0.21,0.0,10192.04,10192.04,False,,Machine Learning (Isolation Forest)
2025-12-26,Loan EMI,22810.12,0.0,814319.88,2,50,483,Other,ML (Low Confidence),0.21,22810.12,0.0,0.0,False,,Machine Learning (Isolation Forest)
2025-04-10,Insurance Premium,2294.89,0.0,325643.18,2,50,484,Subscription,ML Model,0.46,2294.89,0.0,0.0,False,,Machine Learning (Isolation Forest)
2025-01-08,Grocery Purchase,0.0,14514.02,775461.65,2,50,485,Shopping,Payment Type Rule,0.95,0.0,14514.02,14514.02,False,,Machine Learning (Isolation Forest)
2025-03-29,Restaurant Bill,14812.35,0.0,264295.86,2,50,486,Other,ML (Low Confidence),0.21,14812.35,0.0,0.0,False,,Machine Learning (Isolation Forest)
2025-04-04,IMPS Payment,8956.73,0.0,1020001.86,2,50,487,Other,Payment Type Rule,0.95,8956.73,0.0,0.0,False,,Machine Learning (Isolation Forest)
2025-11-27,Electricity Bill,0.0,328.68,840127.84,2,50,488,Other,ML (Low Confidence),0.21,0.0,328.68,328.68,False,,Machine Learning (Isolation Forest)
2025-08-03,Loan EMI,0.0,6010.15,715747.0,2,50,489,Other,ML (Low Confidence),0.21,0.0,6010.15,6010.15,False,,Machine Learning (Isolation Forest)
2025-04-12,Restaurant Bill,3665.05,0.0,1039674.41,2,50,490,Other,ML (Low Confidence),0.21,3665.05,0.0,0.0,False,,Machine Learning (Isolation Forest)
2025-05-02,Insurance Premium,22523.65,0.0,411520.59,2,50,491,Subscription,ML Model,0.46,22523.65,0.0,0.0,False,,Machine Learning (Isolation Forest)
2025-10-20,Duplicate ATM Withdrawal,0.0,68823.95,3493176.77,2,50,492,Other,Payment Type Rule,0.95,0.0,68823.95,68823.95,False,,Machine Learning (Isolation Forest)
2025-01-21,Salary Credit,0.0,2523.55,82488.13,2,50,493,Income,Dictionary Rule,1.0,0.0,2523.55,2523.55,False,,Machine Learning (Isolation Forest)
2025-07-08,Travel Booking,0.0,11326.78,604302.71,2,50,494,Other,ML (Low Confidence),0.21,0.0,11326.78,11326.78,False,,Machine Learning (Isolation Forest)
2025-03-13,Loan EMI,1985.01,0.0,190089.77,2,50,495,Other,ML (Low Confidence),0.21,1985.01,0.0,0.0,False,,Machine Learning (Isolation Forest)
2025-04-17,Medical Expense,6979.42,0.0,343806.18,2,50,496,Other,ML (Low Confidence),0.21,6979.42,0.0,0.0,False,,Machine Learning (Isolation Forest)
2025-09-28,Online Shopping,4335.05,0.0,807936.68,2,50,497,Other,ML (Low Confidence),0.21,4335.05,0.0,0.0,False,,Machine Learning (Isolation Forest)
2025-12-15,Grocery Purchase,11798.17,0.0,813145.41,2,50,498,Shopping,Payment Type Rule,0.95,11798.17,0.0,0.0,False,,Machine Learning (Isolation Forest)
2025-03-12,Online Shopping,0.0,10083.2,934300.17,2,50,499,Other,ML (Low Confidence),0.21,0.0,10083.2,10083.2,False,,Machine Learning (Isolation Forest)
2025-04-13,Travel Booking,0.0,2450.43,343161.27,2,50,500,Other,ML (Low Confidence),0.21,0.0,2450.43,2450.43,False,,Machine Learning (Isolation Forest)
